id,sample,gender,q2,q3,q4,q4_1_text,q5,q6,q8,q9,q10,q12_1,q12_2,q12_3,q13_1,q13_2,q13_3,exclude
vqs48o6ckm88r4675iulct6t,PJ,female,Female,34,0,NA,0,1,NA,2,3,7,7,6,1,1,1,TRUE
ae7uvma0sv8f9gbfzoxj3itl,PJ,male,Male,34,0,NA,0,1,NA,2,3,3,4,3,3,3,2,TRUE
taomtuqul6lv1mjpv4stm2fv,WJ,female,Female,32,0,NA,0,0,2,NA,4,7,7,7,7,7,7,TRUE
w4ak4mcg7vvap57i0pz0pn7c,WJ,female,Female,51,0,NA,0,1,NA,1,4,7,4,4,7,4,4,TRUE
xpcxteadaxf2uv6dfd5pkvzj,PJ,male,M,30,0,NA,0,1,NA,2,4,6,6,7,6,6,7,TRUE
dnodge9k9v46k8wqmb9yhu3p,WJ,female,female,46,0,NA,0,1,NA,1,3,1,1,1,7,7,7,TRUE
55og5gvb1ny0gfema8o1qw5y,WJ,female,female,37,0,NA,0,1,NA,1,4,5,5,2,2,4,5,TRUE
e3y2avxmds2e0uuicbkmg41w,PJ,female,female,40,0,NA,0,1,NA,2,5,6,7,7,1,1,1,TRUE
mruknc7fajleahm1zbwrxakn,WJ,male,Male,46,0,NA,0,1,NA,1,6,6,6,3,6,6,3,TRUE
li1obycxwlh5obc2k24xsarh,WJ,female,Female,32,0,NA,0,1,NA,1,4,3,3,3,3,4,4,TRUE
y69c613so1ddspgbimi46e6d,WJ,female,Female,41,0,NA,0,1,NA,1,4,5,3,3,5,4,4,TRUE
ggu6otun3unxppr3sv929rcc,WJ,female,Female,39,0,NA,0,0,1,NA,2,4,4,2,7,6,7,TRUE
7yefwkp799ob0wd84c0kabsz,WJ,female,Female,30,0,NA,0,0,1,NA,4,2,4,2,4,4,4,TRUE
w8dndur2f5y8a1s0axt8t9v0,PJ,female,Female,31,0,NA,0,1,NA,2,2,4,5,4,4,3,3,TRUE
u83fl2mgj2l9ltxvu8fgm3w6,WJ,female,Female,28,0,NA,0,1,NA,1,4,4,4,2,4,4,4,TRUE
zabyqorwmns3pzu1lflk3s2k,WJ,male,Male,44,0,NA,0,0,2,NA,2,5,5,2,6,6,3,TRUE
6lwcygxayssr61o7cz8sddhs,PJ,female,female,26,0,NA,0,1,NA,2,2,2,3,1,3,3,4,TRUE
m4ctcgl0uwxyor0dw7zgvboa,PJ,female,Female,47,0,NA,0,1,NA,2,6,6,6,4,3,3,3,TRUE
p8c4ybb3tpz6cgyz7ndwir92,WJ,female,Female,39,0,NA,0,0,1,NA,3,3,4,2,6,5,5,TRUE
xeru295xlhb742htyum76l2o,PJ,female,Female,34,0,NA,0,1,NA,2,1,4,4,4,6,6,6,TRUE
3b99nhzhzhfhj9zqlxs4i2g1,PJ,female,Female,51,0,NA,0,1,NA,2,4,4,5,4,3,3,4,TRUE
ppe7sy7oqahwkhjqpye68q3o,WJ,female,Female,28,0,NA,0,0,1,NA,3,3,3,4,2,2,4,TRUE
6aa4fa8mqm44tzws1c68ea5z,PJ,female,Female,34,0,NA,0,1,NA,2,2,5,5,3,3,3,3,TRUE
yyef7j7mnhvoqf3158zyqcx5,PJ,female,Female,58,0,NA,0,0,1,NA,3,5,5,5,6,6,6,TRUE
khw13t0wozgpna24qar1pkd6,WJ,female,female,50,0,NA,0,1,NA,1,2,4,4,2,6,6,6,TRUE
nc9btptijnoa60ojvo8dxj2p,PJ,female,Female,27,0,NA,0,1,NA,1,4,2,2,2,4,5,2,TRUE
mytsx2i714n58n5ott3h766o,WJ,female,Female,35,0,NA,0,0,1,NA,4,4,3,2,4,6,6,TRUE
ff6nxad3odx86ng50jtovndw,PJ,female,Female,46,0,NA,0,1,NA,2,4,5,5,3,5,5,3,TRUE
oadg9105aiygeeiu7egave3b,WJ,male,Male,25,0,NA,0,0,1,NA,3,6,6,4,6,6,4,TRUE
w506siiqaktmkwa2v1966myz,WJ,female,Female,71,0,NA,0,0,1,NA,4,7,4,3,7,7,4,TRUE
uys5iig2auithw9yjcioepvk,WJ,female,Female,33,0,NA,0,1,NA,1,4,4,5,3,5,5,4,TRUE
g4c5tjpsdsp5jgbokzhb3kxd,WJ,male,MALE,31,0,NA,0,1,NA,2,4,5,5,3,5,4,3,TRUE
y7air2g0x9e19dijiw1t77rs,PJ,male,Male,49,0,NA,0,1,NA,2,5,5,6,6,2,2,2,TRUE
mc1krnywp1horab5y2xvf1r0,WJ,male,Male,25,0,NA,0,0,3,NA,6,6,6,6,2,2,2,TRUE
eftdrybir5k6dyjwl2oyo9n2,PJ,male,Male,62,0,NA,0,0,2,NA,2,4,6,4,6,6,5,TRUE
cxabijw8y426gv70mlny6kgs,WJ,female,female,51,0,NA,0,0,1,NA,4,5,5,2,7,7,4,TRUE
4zow1c2ebtk8qadpg7hwf6ys,PJ,male,Male,32,0,NA,0,1,NA,1,4,4,5,3,4,4,3,TRUE
988alw1jvpwn22j7buccko9l,PJ,female,Female,32,0,NA,0,1,NA,2,2,4,3,2,4,3,5,TRUE
gvvi97v83swbtnt5lw9urino,PJ,female,Female,44,0,NA,0,1,NA,2,4,4,5,4,4,3,3,TRUE
j3wv5w1v9uskkts5wylnb63r,WJ,female,female,46,0,NA,0,1,NA,1,2,3,3,3,4,4,4,TRUE
fxbzesvk1uawj92y6r61rtrf,WJ,female,Female,35,0,NA,0,1,NA,1,4,4,4,4,4,5,4,TRUE
rp1iw1tt1j83io4lznoemag1,PJ,female,Female,38,1,British,0,0,2,NA,2,6,6,5,2,3,2,FALSE
qohwrcux0nfxlamtq6zy33qk,WJ,female,Female,29,0,NA,0,0,1,NA,3,2,2,1,7,7,7,TRUE
lnoy74bpx0w44iuuo6fqh4x2,WJ,male,Male,30,0,NA,0,1,NA,2,6,4,4,4,4,4,4,TRUE
d3n13o7xzita4dv34go2e0ug,PJ,male,male,38,0,NA,0,0,2,NA,5,5,5,4,5,5,4,TRUE
rixamujod37bci2rd6tb79ap,PJ,female,Female,32,0,NA,0,1,NA,2,2,4,4,1,1,1,1,TRUE
2fczgutjk8ku8sujtehd5uml,WJ,male,male,34,0,NA,0,1,NA,2,1,2,2,2,3,2,2,TRUE
e1ty2u02jqb5c3n2r9t7m3ge,WJ,male,Male,58,0,NA,0,1,NA,1,5,4,4,3,7,7,5,TRUE
8v3io4dorwq6aw4exi2li5i8,WJ,female,Female,54,0,NA,0,0,2,NA,3,4,4,4,4,4,4,TRUE
vv7pnc7innfvw8m7pwhrypn6,PJ,female,Femalew,32,0,NA,0,1,NA,2,2,6,6,6,3,3,3,TRUE
0nahdspsde5suksq2jz29ci3,WJ,female,female,37,0,NA,0,1,NA,3,4,7,7,7,7,7,7,TRUE
5pw5nb7tbdqf1q5b3i3pn1mo,WJ,female,female,39,0,NA,0,0,1,NA,3,3,2,2,5,5,6,TRUE
wl53et7a6jhtr99ai6h95lx8,WJ,male,Male,43,0,NA,0,0,2,NA,6,5,3,2,6,5,3,TRUE
ji17uet9xo3trsnzgl2ojtwi,WJ,female,Female,48,0,NA,0,1,NA,1,1,2,2,2,4,4,4,TRUE
nvpitf5r8pel3pdh1wpdv5lg,PJ,male,male,61,0,NA,0,0,2,NA,6,7,7,7,1,1,1,TRUE
6ubtrwcbyopm4neyustostyt,WJ,female,Female,47,0,NA,0,0,1,NA,4,4,4,3,3,3,5,TRUE
i9jl0qyo2dl0ezf1ks95b9k8,WJ,female,Female,42,0,NA,0,1,NA,2,2,6,NA,NA,7,7,5,TRUE
atq3m8iroda104q6uu6ksp2e,WJ,female,female,59,0,NA,0,1,NA,1,6,5,3,2,6,6,7,TRUE
oc3djtq2tfd6qh1xxw3yzogo,WJ,male,Male,48,0,NA,0,1,NA,1,1,2,2,2,5,5,5,TRUE
x6s4fw9q635ni8nz1um7d3bi,WJ,male,Male,33,0,NA,0,1,NA,1,2,4,3,2,4,5,3,TRUE
vy5q6elzl186dwufm7ju7w2v,WJ,male,male,34,0,NA,0,0,2,NA,2,7,7,4,7,7,4,TRUE
vyd73vtk0no823n8l3g29qvi,PJ,female,Female,48,0,NA,0,1,NA,1,6,5,6,6,4,3,2,TRUE
29arvba0ffjeuri0my9crxub,WJ,male,Male,25,0,NA,0,0,3,NA,4,5,5,4,7,7,7,TRUE
l5rvpwpfp3jh86bgw3bntw1m,PJ,female,Female,53,0,NA,0,1,NA,1,1,6,6,4,4,4,4,TRUE
5aunmf6why7i78iwcb2rdnu0,WJ,male,Male,32,0,NA,0,0,1,NA,5,6,6,6,3,3,3,TRUE
oxbd4bmkzguni9l7ovf9vibn,WJ,male,MALE,44,0,NA,0,0,2,NA,4,4,4,4,4,4,4,TRUE
tupvp4pjqcga9ohiq5hz7862,PJ,female,Female,41,0,NA,0,0,2,NA,5,6,6,3,2,2,2,TRUE
hclzv5vyjngajhct2fu8apao,WJ,female,female,48,0,NA,0,0,1,NA,5,4,4,1,4,4,1,TRUE
xjabzdggbdr7ao7thf7yslpu,PJ,male,male,32,0,NA,0,1,NA,2,6,5,3,4,5,4,4,TRUE
hrbi1zrj6qkw30ktlrgtmeli,PJ,male,Male,39,0,NA,0,1,NA,3,5,5,5,5,5,5,5,TRUE
cv0qw9isbjy8esx1mdxb3e78,WJ,female,Female,40,1,Welsh,0,0,1,NA,4,4,4,4,4,4,4,FALSE
kfsotfbwuhb5vpskda5js4hu,PJ,female,Female,42,0,NA,0,1,NA,2,3,5,5,4,3,3,2,TRUE
u49gadehdujcoeukrda1lsqk,WJ,female,female,51,0,NA,0,0,1,NA,4,4,4,3,4,4,3,TRUE
qslqlb1x2ocmcqap550vd4cd,WJ,male,Male,63,0,NA,0,0,1,NA,2,6,6,4,6,6,4,TRUE
s1at1r1ausuuvm5he74qauqp,PJ,female,female,37,0,NA,0,1,NA,1,4,5,5,4,5,5,5,TRUE
ipdcwne9t2zyu1p2tbqjd1ns,PJ,female,Female,25,0,NA,1,0,2,NA,2,6,6,5,1,1,3,TRUE
z17uw10x439jnuqoof6jpsur,PJ,female,My sex is female,39,0,NA,0,1,NA,2,4,7,7,7,1,1,1,TRUE
4r6o9t5ggy40wfi4xjwlz5xs,PJ,male,male,33,0,NA,0,1,NA,2,5,6,6,5,2,1,2,TRUE
nk3tywc7991pyqzmtmnt33x3,PJ,female,Female,29,0,NA,0,1,NA,2,5,6,6,3,3,3,3,TRUE
9muyo70dqpgd9293gx33g67a,PJ,female,Female,34,0,NA,0,1,NA,2,5,6,7,7,3,3,2,TRUE
f2atxf8q1qfln3re3rrnm9r6,PJ,female,Female,52,0,NA,0,1,NA,2,3,4,4,4,5,6,5,TRUE
aekteo9e4670b8bmujof4tnu,WJ,female,Female,28,0,NA,0,1,NA,1,4,4,4,4,4,4,4,TRUE
pbgyaaz3cepcbh2wnf6b3zq9,WJ,male,male,35,0,NA,0,0,2,NA,5,4,4,4,4,4,4,TRUE
x16l4h49lu11frctxjp1cs4s,WJ,male,male,27,0,NA,0,1,NA,1,3,3,5,2,5,6,4,TRUE
3s29nqmt8vxylcrjbyxhkqwf,WJ,female,female,43,0,NA,0,1,NA,1,4,5,5,2,6,6,6,TRUE
w4cmusrc0w8dls5120gozb3c,PJ,male,Male,65,0,NA,0,0,2,NA,2,6,6,2,2,2,2,TRUE
jn82nf5ruobm4evqfbp6trqv,WJ,male,male,54,0,NA,0,0,1,NA,3,6,6,6,6,6,6,TRUE
wrp0lcxel24fmgw39r662lu2,PJ,female,female,44,0,NA,0,1,NA,3,3,6,6,4,6,6,4,TRUE
c58fbf3ix03la0nstdskokuc,PJ,male,Male,31,0,NA,0,1,NA,2,2,6,7,7,3,2,1,TRUE
mrl3rl6ym6rcap6vkbml9l3j,WJ,female,Female,37,0,NA,0,1,NA,1,4,4,4,4,4,4,4,TRUE
1pkgqfwkeiq859ofeg9du3a6,PJ,female,Female,39,1,Na,0,1,NA,2,4,4,4,4,3,2,4,FALSE
e6g4xgw31towwhj3cm6uv6vx,WJ,female,Female,61,0,NA,0,0,1,NA,6,3,3,2,5,6,3,TRUE
83rs210it11ska033u2squem,PJ,female,female,28,0,NA,0,1,NA,2,5,6,5,3,3,3,3,TRUE
oo6gxbrgv0kpshn6wulzz9td,PJ,female,Female,45,1,None,0,1,NA,2,5,6,7,4,2,2,2,FALSE
o5s0p20z9nixa03ik0qsbxm3,PJ,female,Female,57,0,NA,0,1,NA,2,4,6,6,3,5,5,2,TRUE
dcayjv2dx33lqy82axapqapp,WJ,female,female,31,0,NA,0,1,NA,3,4,4,4,4,3,3,3,TRUE
l376mp5u7bmma8klqlmaqkpa,WJ,male,male,61,0,NA,0,0,1,NA,4,6,4,4,6,6,4,TRUE
ztic2ydirdck0pbfs7web82n,WJ,male,MALE,65,0,NA,0,1,NA,1,6,1,1,1,6,6,6,TRUE
mpzaa0i7f65ne2qrsg5c1jw8,PJ,female,Female,52,0,NA,0,1,NA,2,4,4,4,4,4,4,4,TRUE
r4egqx1cxivb1ek4mk9wvuu3,PJ,female,Female,43,0,NA,0,1,NA,2,2,5,6,5,3,3,3,TRUE
t7mvgg6sl58lxfr7rh7ti6hi,WJ,female,Female,57,0,NA,0,0,2,NA,3,6,6,5,3,4,3,TRUE
kohz1awvoix0b7tb51oxui81,WJ,male,Male,35,0,NA,0,0,1,NA,6,7,6,3,2,2,2,TRUE
kend3uxw7zvlk0ufa8c2ipi1,PJ,female,Female,51,0,NA,0,1,NA,2,4,4,5,4,4,5,4,TRUE
dh1m4zmutq7ya23pjrgihhjg,WJ,female,Female,56,0,NA,0,1,NA,1,1,4,4,3,6,6,6,TRUE
4l793i70k7jycp6a9zzm0m7a,PJ,female,Female,54,0,NA,0,1,NA,2,5,4,4,4,4,3,4,TRUE
lh4flf7whos7cvmw9jvxkw2l,PJ,female,Female,28,0,NA,1,0,1,NA,2,3,6,2,3,2,2,TRUE
x4u5zlsrpbtf8pv5c127st17,PJ,female,Female,32,0,NA,0,1,NA,2,4,4,4,3,4,3,3,TRUE
z0uca9bal9jf5ng52t4lcihe,WJ,female,Female,41,0,NA,0,1,NA,1,4,4,5,2,4,3,2,TRUE
13yi1fscyjb8zgf7j0pjswe2,WJ,female,Female,27,0,NA,0,1,NA,1,4,4,4,4,4,4,4,TRUE
jl3ccv08dwfwlj7vqlt9fidp,PJ,female,Female,46,0,NA,0,0,2,NA,4,5,6,6,5,6,6,TRUE
r2y4xinktggbkv1m0dz3qzkx,WJ,female,Female,47,0,NA,0,0,1,NA,4,5,5,2,4,4,3,TRUE
8og20q0ajepnz591l2dlf2t1,WJ,male,Male,43,0,NA,0,1,NA,1,4,4,4,4,4,4,3,TRUE
8vd4i214cs39k6pcjuoj9lck,WJ,female,Female,27,0,NA,0,1,NA,1,4,1,2,2,4,4,4,TRUE
2p8sl8a1aoxpxav9kflp01pk,WJ,female,female,41,0,NA,0,1,NA,1,4,3,3,3,5,5,4,TRUE
37z1vy63r0skfgrwt32aqhm3,PJ,male,Male,52,0,NA,0,1,NA,2,3,4,5,5,4,4,3,TRUE
rqnua3zxoyao2tqef3tg5kit,WJ,male,male,46,0,NA,0,0,1,NA,1,6,7,6,6,7,6,TRUE
qaso8ymu70ujbyp2oep9cima,PJ,female,Female,30,0,NA,0,1,NA,2,5,3,3,3,5,5,5,TRUE
j78ixcljw5rsoewpfupyoq7t,PJ,female,Female,47,0,NA,0,1,NA,2,5,4,6,3,4,2,3,TRUE
zewfscrk674s7i5f8d2pugqh,PJ,male,Male,46,0,NA,0,1,NA,2,5,5,6,4,3,3,3,TRUE
u7kb8fg48y839146cyjekha6,PJ,male,Male,52,0,NA,0,0,2,NA,5,4,4,3,4,4,3,TRUE
vfc6ots22gijd42wuusfn86n,PJ,male,Male,27,0,NA,0,1,NA,2,4,2,3,3,1,1,1,TRUE
kzca0ayvezmqxt57e44aonw7,WJ,male,Male,38,0,NA,0,1,NA,1,2,2,3,2,4,4,4,TRUE
8nzbtrsj8hjnpxti5ekdqswh,WJ,male,Male,27,0,NA,0,1,NA,2,4,1,5,5,1,3,3,TRUE
0dz304t6bs836m2r0rr8yguv,WJ,male,Male,51,0,NA,0,0,1,NA,5,6,6,6,6,6,6,TRUE
0dt6pnybelt7c683u3rhkrz2,PJ,male,Male,32,0,NA,0,1,NA,2,2,4,4,2,3,3,3,TRUE
il45s3tuhh4fy31x4p1g5pgk,PJ,female,Female,51,0,NA,0,1,NA,2,6,4,6,4,4,2,4,TRUE
29pmlmh0ba930xgzo74t2lxo,PJ,male,Male,44,0,NA,0,1,NA,1,5,7,7,6,3,4,2,TRUE
p7zwjsal0c07dmsfq4q8f5is,PJ,female,Female,40,0,NA,0,1,NA,2,4,4,4,3,4,4,3,TRUE
hhaywx39np4bmb7xg8dpgm2a,WJ,male,male,28,0,NA,0,0,1,NA,3,5,6,3,5,3,5,TRUE
qz9q3cdmeb2n3y0e1usy8r2z,PJ,female,female,49,0,NA,0,1,NA,2,2,5,6,3,4,3,3,TRUE
0h0atv9od3eqolnx4f29zwiz,WJ,female,Female,26,0,NA,0,1,NA,1,2,7,3,4,7,7,4,TRUE
j74z73jm13kmvmooqil0sf2j,PJ,male,Male,69,0,NA,0,0,2,NA,5,5,5,3,5,5,3,TRUE
4fnbt8oc9rq0t4b2i3fh7fxf,PJ,male,Male,38,0,NA,0,1,NA,2,3,3,2,3,6,7,4,TRUE
g7c9aprpjjcwoc1n1uvarumu,WJ,male,Male,61,0,NA,0,1,NA,2,2,3,4,2,3,3,2,TRUE
doyo87ve949dwwvc73p7cb8m,PJ,female,Female,57,0,NA,0,1,NA,2,4,4,4,2,4,4,2,TRUE
nmugza0e0mwacmi4y2rdvdee,WJ,male,Male,25,0,NA,0,1,NA,2,6,5,4,3,5,3,5,TRUE
hkydxwkv832aj4ghqiozs0zk,WJ,female,female,28,0,NA,0,0,1,NA,4,4,4,2,4,2,3,TRUE
xmd6zhv5m2qlw8db2retj2ul,PJ,female,Female,42,0,NA,0,1,NA,1,3,3,2,2,3,3,2,TRUE
tewlpdta8v1qtb01szgudegj,PJ,female,Female,33,0,NA,0,1,NA,1,3,6,6,5,6,6,3,TRUE
s4pv2n4ig2woghvhymqk0f5x,WJ,male,Male,38,0,NA,0,1,NA,2,5,3,2,2,1,4,5,TRUE
38glj4t4jyp5oatf57bez8v3,PJ,male,M,34,0,NA,0,1,NA,2,4,6,6,6,4,3,2,TRUE
fxuwvsithlaaed24at100spw,PJ,male,male,62,0,NA,0,1,NA,2,5,6,5,6,2,1,2,TRUE
t9ljyg6cvm6h1xdn4lgrpkka,WJ,male,Male,26,0,NA,0,0,1,NA,6,4,5,4,4,4,4,TRUE
egcro3ud89vx80ade3saaach,PJ,male,Male,36,0,NA,0,1,NA,2,2,5,6,2,3,3,2,TRUE
d2eisfpuy9jnfhjdrplv80ov,WJ,female,Female,35,0,NA,0,1,NA,2,6,4,5,3,5,3,5,TRUE
f2c0xmfmh0kjpjyvrleit290,WJ,female,Female,49,0,NA,0,0,1,NA,5,7,5,3,5,5,4,TRUE
pvdpls4oh0yp30iwsturdf57,PJ,female,Female,40,0,NA,0,0,2,NA,3,6,6,5,3,2,3,TRUE
4iamzgvwmtw6cacbdn0064xd,PJ,male,male,58,0,NA,0,1,NA,1,4,7,7,7,7,7,7,TRUE
aq0prt5vw4qhmj1qsemfa6nk,PJ,male,Male,44,0,NA,0,1,NA,2,5,6,6,5,2,2,2,TRUE
v863jgpaz4t01mpwge4x3dae,WJ,female,Female,32,0,NA,0,1,NA,1,4,2,2,2,4,4,4,TRUE
trxobki7497yi5zutst0fxi5,PJ,female,Female,51,0,NA,0,1,NA,2,2,4,3,3,3,3,3,TRUE
8yodyuvlupfddo4e80losyg7,PJ,male,Male,33,0,NA,0,1,NA,2,2,4,6,4,2,2,3,TRUE
ghcu0tv02q8i5zd3n9b98lfj,PJ,female,FEMALE,41,0,NA,0,0,2,NA,2,4,5,3,3,5,3,TRUE
nwdujh9dfqqffjsnpgicdlvp,PJ,female,Female,33,0,NA,0,0,2,NA,6,7,4,2,7,4,2,TRUE
pmt4hotru8xqn0q6m4640anz,WJ,male,Male,28,0,NA,0,0,1,NA,1,3,4,2,7,7,7,TRUE
lszp97dcg5lfgsq6htem506v,PJ,male,Male,54,0,NA,0,1,NA,2,5,6,6,4,6,6,4,TRUE
ueyany80pm9msc87xr6p887c,PJ,female,Female,29,0,NA,0,1,NA,2,2,4,6,4,3,2,2,TRUE
bwziwra7hnt0rvdl4y7qxxfh,PJ,female,Female,38,0,NA,0,1,NA,2,3,7,7,3,4,5,3,TRUE
8lyqqvw9swaa4e0uvk16o9vp,PJ,male,Male,38,0,NA,0,1,NA,2,5,3,6,2,5,6,5,TRUE
7mvmcridwaht8wfunvwlaw1q,WJ,male,Male,37,0,NA,0,1,NA,2,3,4,6,2,6,6,3,TRUE
zyxfl7s8cgtyoucyfnknlspw,WJ,female,female,70,0,NA,0,0,2,NA,4,4,4,4,4,4,4,TRUE
21sab1yi7e06rbf2hk92vn1e,WJ,female,female,48,0,NA,0,0,2,NA,4,4,7,4,4,7,4,TRUE
r16n275kt728hkhoufx2zmkh,WJ,female,Female,44,0,NA,0,0,1,NA,4,4,4,3,4,4,4,TRUE
zdhinnk2jotzn9ahy64qx4fh,PJ,male,Male,55,0,NA,0,1,NA,2,3,6,6,6,3,2,2,TRUE
cqronfkjvxc0rod0vsxmb3mc,WJ,male,Male,32,0,NA,0,1,NA,2,2,3,3,2,4,4,4,TRUE
4lpq699wr4aaiv9529rv7qwy,PJ,female,Female,52,0,NA,0,1,NA,2,2,4,3,3,4,4,3,TRUE
ykyp0iwlzgfas58l1isqitje,PJ,male,Male,46,0,NA,0,1,NA,2,4,6,6,4,3,5,2,TRUE
q5e46tlypkk436c2h5e9rb28,WJ,male,Male,31,0,NA,0,1,NA,1,3,4,6,4,5,5,4,TRUE
ydyfnrji9t1dpxn8o3wy7u4m,PJ,female,Female,39,0,NA,0,1,NA,2,3,6,6,3,2,1,1,TRUE
m9658oz0433y0dkjbvq4w8dd,WJ,female,Female,59,0,NA,0,0,2,NA,2,4,NA,NA,4,4,4,TRUE
viufjhpjmao0w5adqjt0yn3l,PJ,female,Female,28,0,NA,0,1,NA,2,2,6,6,2,2,2,1,TRUE
abk49i6xeysblwsb409s8dk7,PJ,female,female,40,0,NA,0,1,NA,1,4,1,1,1,4,4,4,TRUE
iw8ioo16894fdjq781p8jrbi,WJ,male,male,66,0,NA,0,0,1,NA,2,2,2,1,6,5,1,TRUE
60siuwh3pyewa5l4wzbsyuwn,PJ,male,Male,29,0,NA,0,1,NA,2,3,3,3,3,2,2,2,TRUE
t49bk32xgs15veh80w3k58nw,WJ,male,Male,46,0,NA,0,0,1,NA,4,4,4,5,7,7,7,TRUE
zzfo1zapg8ooj2f5zlu2vifz,PJ,male,Male,30,0,NA,0,1,NA,2,3,6,6,4,5,4,2,TRUE
xamxm7sdci17x9jvp2iand7i,WJ,male,Male,33,0,NA,0,1,NA,1,3,3,2,2,4,3,3,TRUE
h0z7hbmfkxi8xilqem6a1i8p,PJ,female,female,58,0,NA,0,1,NA,2,4,4,7,7,4,3,1,TRUE
e52timqlgzt7og6wkrd17qhe,WJ,male,male,46,0,NA,0,0,1,NA,5,3,3,3,5,5,5,TRUE
4b7deafqhrzdyp9q4pjg2fa6,PJ,male,Male,65,0,NA,0,0,2,NA,7,7,7,7,2,2,2,TRUE
jhr42zwo9pjlejz3octdykvy,PJ,female,Female,25,0,NA,0,1,NA,2,4,2,4,2,4,3,3,TRUE
5z0zz3zu5740bfkalyd0ttva,WJ,female,Female,48,0,NA,0,0,1,NA,4,4,3,2,2,3,4,TRUE
wowfn760aumsfijz4boxnkry,PJ,female,female,63,0,NA,0,0,2,NA,6,6,6,6,6,3,3,TRUE
zeawmp270miao4jf6ya7z0dt,PJ,male,Male,62,0,NA,0,0,2,NA,4,7,7,7,3,3,3,TRUE
4ap22bdb0mdrt8yswpbwu7yz,WJ,female,Female,32,0,NA,0,0,1,NA,2,6,7,3,5,4,5,TRUE
lvvnwkv1r4t1h3i07r5p1681,PJ,male,Male,48,0,NA,0,1,NA,2,4,6,6,4,6,6,4,TRUE
8ho8taguuykys3874gix6vmz,PJ,female,Female,34,0,NA,0,1,NA,2,6,5,5,3,2,1,1,TRUE
6mpbeo519yk5sbrm3syx0mnq,PJ,male,male,33,0,NA,0,1,NA,2,5,6,6,6,1,2,2,TRUE
l4wiefl54j99txftyto9lp9d,WJ,female,female,46,0,NA,0,1,NA,1,3,5,5,4,4,6,6,TRUE
ztsjvr1wj8qiuku2bvm6tvi8,PJ,female,female,35,0,NA,0,1,NA,2,2,4,4,2,4,4,2,TRUE
8qwz787zvk69n21v6lwc31z7,PJ,male,Male,61,0,NA,0,1,NA,2,3,6,6,1,3,2,3,TRUE
b6gjpqv5e1z0mjgrnm42dc8r,WJ,female,female,38,0,NA,0,1,NA,1,2,6,7,6,4,4,3,TRUE
53qv6bw60u49bfr9drxcrmg3,PJ,female,Female,64,0,NA,0,1,NA,2,4,4,4,4,4,3,3,TRUE
o4k3bclaymqyxoxwd6qe253i,WJ,male,Male,40,0,NA,0,1,NA,1,2,3,4,3,5,5,5,TRUE
wjr015du4mdtkefjhsejbhzw,WJ,female,Female,33,0,NA,0,0,3,NA,2,6,6,5,6,6,5,TRUE
3pgu3mntbxk62txe3lrc0m2f,PJ,female,woman,33,0,NA,0,1,NA,2,6,6,6,3,6,3,3,TRUE
uny53kruioe0lehmvjoo8vzk,PJ,female,Female,29,0,NA,0,1,NA,2,2,7,7,4,6,5,4,TRUE
7f881rrsjc7zh71gsl7600d6,PJ,female,Female,38,0,NA,0,1,NA,2,2,7,7,7,4,3,3,TRUE
zwy4a8woic12u3ghvuyu3sw5,WJ,female,Female,34,0,NA,0,1,NA,1,2,5,5,4,5,6,4,TRUE
973w22j4ttn4uj47xctco1ed,WJ,male,Male,26,0,NA,0,1,NA,2,3,3,3,3,3,2,3,TRUE
solvt27suuccx3lmlifk063x,PJ,female,Female,38,0,NA,0,1,NA,2,3,6,6,4,2,1,3,TRUE
04p3z4iia9v1fvx1ubvjbnfe,WJ,male,Male,45,0,NA,0,0,1,NA,7,2,3,2,4,4,5,TRUE
v3iw447i5loakg2rver01uco,WJ,male,Male,33,0,NA,0,0,2,NA,3,6,6,3,6,6,3,TRUE
d76uf0zamoj7ktt286zse3wy,PJ,female,Female,29,0,NA,0,1,NA,2,4,6,7,2,4,3,1,TRUE
tcwl0rqqrufmot81nbz6gtcb,PJ,male,Male,36,0,NA,0,1,NA,2,3,5,4,5,3,2,2,TRUE
icqcod87lo0v81smvfzkmvlg,PJ,male,m,33,0,NA,0,0,2,NA,4,7,7,7,2,2,2,TRUE
0xq7gbpyef661x9j66hexdps,WJ,female,Female,53,0,NA,0,0,1,NA,4,4,4,4,4,4,4,TRUE
dvaw95ccohtdsxxney2p7pv3,PJ,male,Male,47,0,NA,0,1,NA,2,2,4,4,2,4,4,2,TRUE
vgpq8p788slpiznn9f00ys3b,PJ,female,Female,67,0,NA,0,0,2,NA,2,4,6,3,2,2,2,TRUE
eqcsezzfqyb461thelht9t7z,PJ,female,Female,38,0,NA,0,1,NA,1,2,3,3,3,4,2,4,TRUE
fy2o7awy0o01wju5ggll0qci,PJ,male,MALE,52,0,NA,0,1,NA,2,5,6,6,4,6,6,4,TRUE
6nhd6ycirru5a1w7l7nefgm9,WJ,male,Male,26,0,NA,0,0,1,NA,6,7,7,7,7,7,7,TRUE
gh4l54nqij3i2or25lep4ps8,PJ,female,female,49,0,NA,0,0,2,NA,4,5,6,4,1,2,1,TRUE
p1q34quqxaim84c38g1drvi4,PJ,female,Female,69,0,NA,0,0,2,NA,4,4,4,4,4,4,4,TRUE
zkoc2qdoxbqgsvv9ikcyuw96,PJ,male,Male,40,0,NA,0,1,NA,2,3,6,6,6,2,2,2,TRUE
2atl7u2at9feedofqg0a6o68,WJ,female,female,49,0,NA,0,1,NA,1,2,4,4,3,4,4,3,TRUE
vmqmbv8s3rhrkqxp0v6svqvm,PJ,female,female,45,0,NA,0,1,NA,2,1,6,6,4,6,2,5,TRUE
8rb2pd3yhxg8ab13mgwj4grm,PJ,female,Female,28,0,NA,0,1,NA,2,4,2,5,4,3,3,4,TRUE
41tygpb44bif0yhizuj974i4,PJ,female,Female,28,0,NA,0,1,NA,1,4,4,4,4,3,3,3,TRUE
emyekdi9fzmo5piaajut6s93,PJ,male,Male,56,0,NA,0,1,NA,2,1,4,6,3,6,5,5,TRUE
i4ecj4k2mbtmhi8lbulavgsj,PJ,male,Male,34,0,NA,0,1,NA,2,4,4,4,2,4,3,2,TRUE
i96km4nv3riy4z4i3kweqmgk,WJ,female,Female,27,0,NA,1,0,3,NA,3,4,1,2,5,5,5,TRUE
0qcyas3ya0z1r5uqxoo9dg12,PJ,female,Female,34,0,NA,0,1,NA,2,2,6,6,3,3,3,2,TRUE
5s8qhid7rhq7izv14gr9i9s5,PJ,male,Male,37,0,NA,0,1,NA,2,3,5,6,3,3,3,3,TRUE
l2iftqcq55ogvsulft6cnwq2,PJ,male,Male,28,0,NA,0,1,NA,1,4,3,3,4,4,4,4,TRUE
6qyu9bavh8l9rk0hv45w5i0w,WJ,female,Female,40,0,NA,0,0,1,NA,4,5,4,2,4,4,2,TRUE
k6ifo54yipt8d29zgkfj2ncd,WJ,female,Female,26,0,NA,0,1,NA,1,4,4,4,2,4,4,3,TRUE
djunbvwppfyy6nlgazi2klv3,PJ,male,Male,47,0,NA,0,1,NA,2,3,6,4,3,4,2,5,TRUE
2dkd70k6681b8lmt8bcf9o8b,PJ,female,Female,47,0,NA,0,0,2,NA,3,7,7,4,7,3,1,TRUE
04u9sf5paudi1lf3tg2jkom8,WJ,male,Male,36,0,NA,0,1,NA,2,4,4,4,6,6,4,5,TRUE
2us0ifd437fldapune7qy3t9,WJ,male,male,40,0,NA,0,1,NA,1,5,4,4,4,4,4,4,TRUE
3ppl4tdd7ikxnxkx9uzgk4q2,WJ,female,Female,30,0,NA,0,1,NA,2,1,4,4,3,4,4,3,TRUE
imt27hiwgosva6vyez98wyzp,PJ,male,male,38,0,NA,0,1,NA,2,2,5,6,4,3,5,3,TRUE
8wxdm3ksgg6mryj50balfrbj,PJ,male,Male,45,1,Uk,0,1,NA,2,5,4,4,2,4,4,3,FALSE
wphvmiewjyahdlfengal6zm1,WJ,female,Female,57,0,NA,0,1,NA,1,4,4,3,2,4,5,6,TRUE
rcehzngmsezl22w0vd3tzgfk,PJ,male,Male,67,0,NA,0,0,2,NA,5,4,4,4,4,3,3,TRUE
1kr717lzbojlr1a6ozfjxmxf,PJ,female,Female,44,0,NA,0,1,NA,2,6,6,7,6,3,3,3,TRUE
969z9ol0ili3cyytx396k7gd,PJ,male,male,73,0,NA,0,0,2,NA,2,7,7,6,1,2,1,TRUE
iwqjrlnvxesgshm6w78iu8eq,PJ,male,Male,56,0,NA,0,1,NA,2,5,6,5,4,3,4,4,TRUE
8er4g7yd1hbme899udltk5c5,PJ,female,Female,33,0,NA,0,1,NA,2,2,7,7,6,2,2,2,TRUE
o4fzlbnroowroqtqnd0r1875,PJ,female,Female,29,0,NA,0,1,NA,2,3,4,4,4,3,3,3,TRUE
bwrsbrcfl5m9my4cq2lrttf8,PJ,male,Male,36,1,United Kingdom,0,1,NA,2,6,6,1,2,6,2,2,FALSE
46s2enih19i61du8ey4j29rs,WJ,female,Female,59,0,NA,0,0,1,NA,4,4,4,2,5,5,5,TRUE
6l0v1wj7slmjk4tfls3gyt7n,PJ,female,Female,29,0,NA,0,1,NA,2,1,2,2,2,3,3,3,TRUE
rlh2no5dwjbmcucwgderkkfb,PJ,female,female,64,0,NA,0,0,2,NA,3,7,7,6,1,1,1,TRUE
oz91e7lw4olkdgu76sl3nzv4,WJ,female,Female,43,0,NA,0,0,2,NA,4,3,3,2,4,4,3,TRUE
7kvzt2bjmpip3rj19rvm335q,WJ,male,Male,41,0,NA,0,0,1,NA,2,2,1,1,4,6,4,TRUE
jixyn0sbtb2syyu0ofjujksc,WJ,female,female,27,0,NA,0,0,2,NA,1,6,7,4,3,3,4,TRUE
79dqgub4ham8bd1u5sfozd8i,PJ,male,Male,66,0,NA,0,0,2,NA,5,7,6,7,1,1,2,TRUE
nb8zwo09lr3awzv1uur2b1qw,WJ,male,Male,54,1,Scottish,0,0,1,NA,3,4,6,2,6,6,4,FALSE
yy2hcpw1sq8a2wtbqnzpkrec,WJ,female,Female,26,0,NA,0,1,NA,1,2,4,4,3,4,4,5,TRUE
lozg9j6lzu2iir6lus4xiaiu,WJ,male,male,46,0,NA,0,1,NA,1,4,4,4,4,4,4,4,TRUE
pbtceiu61hrvmygetjcft70s,WJ,female,Female,27,0,NA,0,0,3,NA,4,5,4,3,5,4,2,TRUE
md1faxnf4arlac0vsslligw4,PJ,male,Male,31,0,NA,0,1,NA,2,3,7,7,3,6,3,2,TRUE
6qblo848b4g1mzixbgslw1x6,WJ,female,Female,32,0,NA,0,1,NA,1,4,3,4,3,3,4,4,TRUE
3vsinn3p5mswq4pkmodw3w3f,PJ,male,Male,33,0,NA,0,1,NA,2,4,5,2,6,2,2,2,TRUE
15guq6xxfxwlfcnj8iedv5ug,PJ,female,Female,60,0,NA,0,1,NA,2,5,4,4,3,2,2,2,TRUE
baj8fj7xewy0hu02pduekg89,PJ,male,Male,34,0,NA,0,1,NA,2,5,3,4,3,4,3,3,TRUE
94kn7ze3o66qacrjvm38xiuk,PJ,female,Female,37,1,Welsh,0,1,NA,2,3,5,6,2,5,3,5,FALSE
34zhiwyvwrgl86mhlt73h64o,PJ,male,Male,34,0,NA,0,1,NA,2,6,6,5,5,2,2,2,TRUE
b4r3buj9rod7slurxy400jot,PJ,female,Female,41,0,NA,0,1,NA,2,4,5,7,3,3,1,2,TRUE
0vqa99x3yb8fiyp8wg29pl9d,WJ,female,female,54,0,NA,0,1,NA,1,4,2,2,2,7,7,7,TRUE
61e8uipjmeh8l2uyedvj4owd,PJ,male,Male,41,0,NA,0,1,NA,2,4,5,6,4,2,1,2,TRUE
vj6y5y0ewcn66dl9yiyocrwk,PJ,female,Female,46,0,NA,0,1,NA,1,5,5,6,2,4,5,2,TRUE
aqd5vg27yloc7cijengesq5l,PJ,female,Female,43,0,NA,0,1,NA,2,1,2,4,2,6,6,4,TRUE
dnhrlmwte0jo6chbl858tnjj,PJ,female,Female,35,0,NA,0,1,NA,2,6,4,5,4,3,3,3,TRUE
aj7s6726dvo9eqlu042hlxo2,WJ,female,female,28,0,NA,0,0,1,NA,4,3,3,3,5,5,5,TRUE
az521hwig16gyvkpsohh7ilr,WJ,female,female,48,0,NA,0,1,NA,1,1,3,2,2,5,5,5,TRUE
ev5qnymv2o400aa5i06wy7b2,WJ,male,Male,47,0,NA,0,1,NA,1,4,5,6,3,5,5,3,TRUE
rc6owyfx37obshlj5dsnzatv,PJ,male,Male,33,0,NA,0,1,NA,2,3,6,7,5,5,4,4,TRUE
oa5oixc57jqmj44tk0cf91ju,WJ,male,Male,26,0,NA,0,0,1,NA,3,4,5,3,5,5,3,TRUE
4y38bwubsnxalrgpoempf3u6,PJ,male,Male,40,0,NA,0,1,NA,1,2,1,2,1,5,6,7,TRUE
emszk3jm1c8p1gcgflesm966,WJ,male,Male,60,0,NA,0,1,NA,1,6,5,5,3,5,5,3,TRUE
2jpxmcmnct1ntslgmc7iy4ek,PJ,male,Male,34,0,NA,0,1,NA,2,7,6,7,6,5,3,2,TRUE
7srhp369t8xzvqafdvquav24,PJ,female,Female,25,0,NA,0,1,NA,1,4,4,4,4,4,4,4,TRUE
65clufuek5hozocl6kxkq75m,PJ,female,Female,30,0,NA,0,1,NA,2,2,5,5,3,4,5,5,TRUE
c30xqymnkxpmf2iabp256qaj,WJ,male,Male,61,0,NA,0,0,1,NA,2,6,6,6,6,6,6,TRUE
s7vl3ju2d12kese82jich4mk,PJ,female,Female,31,0,NA,0,1,NA,2,4,6,6,4,5,3,3,TRUE
yz2xha777tewxcumhuh1gdfp,WJ,male,Male,26,0,NA,0,0,1,NA,3,6,6,3,6,6,6,TRUE
kx47edv4mijrqw429mkk1ll7,PJ,male,Male,49,0,NA,0,0,2,NA,5,6,6,2,6,2,2,TRUE
cf8nsnrhhjkq7lexy9wm86cn,PJ,male,male,43,0,NA,0,1,NA,2,5,3,3,3,3,3,3,TRUE
as5cq7es30whl80p9n0tdyvr,PJ,male,Male,46,0,NA,0,1,NA,2,1,7,7,1,7,7,4,TRUE
ee8qawjoq56i3lvegttk1qez,WJ,female,Female,30,0,NA,0,0,1,NA,4,4,4,4,4,4,4,TRUE
icrvromvum5k3pqbwr86qggu,WJ,female,Female,35,0,NA,0,1,NA,1,4,4,4,3,6,6,7,TRUE
h5bzfrapzlipuezdni92p7cy,PJ,female,female,38,0,NA,0,0,2,NA,4,5,5,4,3,3,3,TRUE
lnyv6d7j0s8lwxt1d4hcy5qc,PJ,male,Male,38,0,NA,0,1,NA,2,5,7,7,7,3,2,1,TRUE
kuh4rbwwwi93p0n15whxsxjv,WJ,female,Female,28,0,NA,0,1,NA,1,4,3,5,4,6,6,4,TRUE
qx6ma4fvyykfxo751xhaz62k,PJ,male,Male,39,0,NA,0,1,NA,2,3,5,6,2,2,2,3,TRUE
36vah0gkeq8eups9dmmxfru6,PJ,male,male,76,0,NA,0,0,2,NA,2,5,7,4,5,4,5,TRUE
pm18raba4frpl9au5nsiqju8,PJ,male,Male,64,0,NA,0,0,2,NA,5,4,4,4,3,3,3,TRUE
y7wjm6ixeikzl51flo6il8wt,PJ,male,Male,70,0,NA,0,0,2,NA,4,7,7,7,1,2,1,TRUE
4ehm3s9lhq8xip7ttzsy6g8t,PJ,female,Female,32,0,NA,0,1,NA,2,4,3,4,4,2,3,2,TRUE
6ni122uc9wt2gsfnfcgrhf7w,PJ,male,Male,39,0,NA,0,1,NA,2,3,4,6,4,4,4,4,TRUE
2faoa5j153nrmbokzg1f3ani,PJ,female,Female,31,0,NA,0,1,NA,2,2,3,5,3,2,2,2,TRUE
kggcd1as632e92dfgu3uyxeo,WJ,male,male,55,0,NA,0,1,NA,1,2,4,4,3,5,5,5,TRUE
g436dj7ig3rp9rh4qs5lgj6m,PJ,female,Female,44,0,NA,0,1,NA,2,3,5,5,5,4,4,4,TRUE
094k8qixj49yhbxp84poolww,WJ,female,Female,52,0,NA,0,1,NA,1,5,4,4,4,4,4,4,TRUE
9kh7zv6182kdure7z6ixs2dd,WJ,female,Female,35,0,NA,0,0,1,NA,4,4,4,2,5,7,2,TRUE
9lvamaj1wi8q3woomh7r0p80,WJ,male,Male,40,0,NA,0,1,NA,1,4,6,6,4,6,6,6,TRUE
106qg71jzjkrlysxilc6vqha,PJ,female,Female,28,0,NA,0,1,NA,2,3,7,7,7,2,1,1,TRUE
ri2plra2d7y2j1uojrv578gr,PJ,female,Female,29,0,NA,0,1,NA,2,6,5,5,4,2,1,1,TRUE
gp822fstq9mclnjetink1dky,PJ,female,female,43,0,NA,0,1,NA,2,7,6,7,7,1,1,1,TRUE
7mk1pzrdo2qa6mukpcwwl32c,WJ,male,Male,34,0,NA,0,1,NA,1,2,4,7,2,4,7,5,TRUE
03arxj1hkreuqy5vlg9f50so,WJ,female,Female,52,0,NA,0,0,1,NA,3,4,4,2,4,4,4,TRUE
44kil0xirunqbl18cyfuzp9w,WJ,female,Female,25,0,NA,0,1,NA,1,2,6,3,3,7,7,7,TRUE
7m7ghxoialhdx871x684f0z7,PJ,male,Male,31,0,NA,0,1,NA,3,6,4,4,4,4,4,4,TRUE
63p0nds0wrwir3adpkoqp54x,PJ,female,female,33,0,NA,0,1,NA,1,5,2,3,2,2,3,4,TRUE
lospillsd3pm79fo2jinpj7v,PJ,male,Male,52,0,NA,0,1,NA,2,4,6,6,2,6,2,3,TRUE
cmnnfdeuy7vl8uhj57vyq96i,WJ,female,Female,58,0,NA,0,1,NA,2,2,4,4,3,4,4,3,TRUE
h0exb59upsvw9i53r5pgti7x,WJ,male,male,64,0,NA,0,1,NA,1,6,7,3,3,7,7,7,TRUE
2qo2wijakyzudnyfjnsqyh5o,PJ,female,Female,26,0,NA,0,1,NA,2,2,6,7,4,2,2,2,TRUE
ufroqg8htw9o6u8wprhlqn5y,WJ,male,male,39,0,NA,0,1,NA,1,4,2,4,2,5,5,5,TRUE
b6tl0u3nk4j1olshphaxu7qg,WJ,female,female,48,0,NA,0,1,NA,1,4,6,3,1,7,7,4,TRUE
eoq35sn1s4uvom85bzv2h65h,PJ,male,male,66,0,NA,0,0,2,NA,5,4,4,4,4,4,4,TRUE
yto7qxtnpwk4oq1von7haq8r,PJ,male,Male,59,0,NA,0,1,NA,2,1,4,4,3,4,3,3,TRUE
zgdschua32zi2cyaqw25uvw1,PJ,female,Female,36,0,NA,0,1,NA,2,2,5,5,2,5,5,3,TRUE
b502ooejox171qxvtsdkahrp,PJ,male,male,60,0,NA,0,1,NA,2,4,7,7,7,4,4,4,TRUE
1pvwcrdgnz1zojsgqwzk4yp0,PJ,male,Male,42,0,NA,0,1,NA,2,5,5,6,5,2,1,1,TRUE
qx0ud3p560ztxg7t2p2bshm5,PJ,male,male,42,0,NA,0,1,NA,2,4,4,4,4,4,4,4,TRUE
o3gwpxd7nxowy0v3x0hp8zaw,PJ,female,Female,34,0,NA,0,1,NA,2,4,6,7,5,3,1,3,TRUE
n7x2xphbf3j5t8ckg2uc80au,PJ,female,Female,32,0,NA,0,1,NA,2,5,6,6,3,3,2,2,TRUE
g2fsnh12a142izsixrx4q329,PJ,male,Male,50,0,NA,1,1,NA,2,3,5,NA,3,2,NA,3,TRUE
7s84mkwopzal1mv9he7iyhn4,PJ,male,male,26,0,NA,0,1,NA,2,1,4,4,2,4,2,3,TRUE
ofj0xbikqo3g17a3mqs6aog4,PJ,female,Female,33,0,NA,0,1,NA,2,4,3,5,4,3,3,3,TRUE
lule1texjp64spog919sdinh,PJ,female,female,28,0,NA,0,1,NA,2,2,3,6,2,4,3,3,TRUE
caqnv74lqt49mv3e9tmf2ro5,PJ,female,Female,35,0,NA,0,1,NA,2,3,3,6,1,3,4,3,TRUE
04gmkmjnzppyz39jdhjur850,PJ,male,Male,41,0,NA,0,1,NA,3,4,7,7,3,7,7,3,TRUE
jmxbpq4chu9m1xrytkppthw8,PJ,female,Female,25,0,NA,0,1,NA,2,3,6,6,4,3,4,3,TRUE
2fb7qsg10csy9ywy7y4d73xe,PJ,female,Female,50,0,NA,0,0,2,NA,4,3,3,3,3,3,3,TRUE
9suyes4r7jsle3xc2h19m2bu,PJ,male,Male,50,0,NA,0,1,NA,2,5,4,4,4,4,4,4,TRUE
ngfp7q9ayoygg7u85oqq6uj7,PJ,female,Female,30,0,NA,0,1,NA,2,2,6,6,7,2,2,1,TRUE
8phnxtqku4vsqv0nabthee76,WJ,female,Female,29,0,NA,0,1,NA,3,3,3,3,3,5,5,3,TRUE
vz49g5utq6md6384mvemsht4,WJ,female,Female,26,0,NA,0,0,1,NA,7,2,2,2,4,4,4,TRUE
5xbfhd4uopmbs3imaeodqx4w,WJ,male,Male,28,0,NA,0,1,NA,1,4,4,7,7,7,7,7,TRUE
q1r5e7pn5cpxksdjusfiqz2v,PJ,male,male,31,0,NA,0,1,NA,2,4,6,6,6,2,2,2,TRUE
km1skhrwsleonhp1s0086pl3,WJ,male,Male,31,0,NA,0,1,NA,1,3,5,6,3,6,6,6,TRUE
i2fqta34zmxbgefyxju9od1q,WJ,female,Female,27,0,NA,0,1,NA,1,4,5,5,1,6,6,6,TRUE
r0casywegaua2af1ydyiwayw,WJ,female,female,53,0,NA,0,1,NA,1,3,6,4,5,5,6,4,TRUE
ul87aslj7fkvwvlbsfp2rk12,PJ,female,FEMALE,68,0,NA,0,0,2,NA,4,4,3,3,4,5,3,TRUE
72x9qpw1x7yhe8xh4rijgpqr,PJ,male,male,56,0,NA,0,1,NA,2,3,7,7,7,4,2,1,TRUE
vto2i9h7sxhq206w1a3ytkvj,PJ,male,Male,64,0,NA,0,0,2,NA,4,5,4,2,3,2,2,TRUE
fwrw4od4um8nbujzluopgqbe,WJ,male,Male,44,0,NA,0,1,NA,3,5,6,6,2,2,5,4,TRUE
t7qfti7lz4zwuyifilruqdrm,PJ,female,Female,59,0,NA,0,1,NA,2,3,7,7,6,6,7,4,TRUE
ni04m6rnzzxhijbcty2xyeri,PJ,female,female,41,0,NA,0,1,NA,2,4,6,6,6,3,2,2,TRUE
1g6pst4s19ztl99ie16259dd,PJ,female,F,25,0,NA,0,1,NA,2,2,7,7,7,1,1,1,TRUE
ts8ukeptdgttnpia38tdtwv2,PJ,male,male,51,0,NA,0,1,NA,2,4,4,4,4,5,6,4,TRUE
9p0tvkx4jftxsk8kcl43nbpc,PJ,male,Male,26,0,NA,0,1,NA,2,4,4,4,4,1,2,1,TRUE
l8da1hl8j0f2v7vu32kc7xnw,WJ,male,Male,32,0,NA,0,1,NA,1,4,7,6,4,6,5,2,TRUE
stj7pak2wyws3f5mlydrbv3y,PJ,male,male,30,0,NA,0,1,NA,2,3,4,4,2,2,2,2,TRUE
wcy6awmdkh5gy7i9emphw522,WJ,female,female,44,0,NA,0,1,NA,1,4,3,3,3,4,4,4,TRUE
lz3463yeuar0f0gka4k97ty3,WJ,female,female,33,0,NA,0,0,3,NA,4,4,4,4,4,4,4,TRUE
vjbuowyatut332k2eepgt80u,WJ,male,Male,31,0,NA,0,1,NA,1,5,1,1,1,2,3,4,TRUE
1m75oyrf917urhqlv0ox82rx,PJ,female,Female,37,0,NA,0,1,NA,2,5,4,6,3,3,2,2,TRUE
01mnk09t6dk96rndvy709xla,WJ,female,Female,55,0,NA,0,0,1,NA,4,4,3,3,4,4,5,TRUE
s4w68jxe3dc5tg07a5b8r56t,PJ,male,Male,34,0,NA,0,1,NA,3,3,4,4,2,4,4,2,TRUE
1m6frjxrofqf7wrhmuan374v,PJ,female,female,31,0,NA,0,1,NA,2,3,4,4,3,3,3,3,TRUE
3w5xc66fwcsdmg3niwwtv07z,PJ,female,Female,52,0,NA,0,1,NA,2,4,4,4,4,3,3,4,TRUE
in6088mt9a64c52mafux4j8u,WJ,male,Male,57,0,NA,0,0,1,NA,4,6,6,4,4,4,4,TRUE
ersypyc5sm51dyqmqe5sm8ar,WJ,female,Female,64,0,NA,0,0,1,NA,4,4,3,3,5,5,5,TRUE
zxdxipyiewwf5r3rl6kftt4e,PJ,female,Female,26,0,NA,0,1,NA,2,1,4,4,4,3,3,3,TRUE
xn37m7hudlx9t7a2117wthx3,WJ,female,Female,56,0,NA,0,0,2,NA,5,5,5,5,4,4,4,TRUE
1kl52xlilvf0yma7xvw69pcl,WJ,male,Male,33,0,NA,0,0,3,NA,7,2,3,1,6,7,7,TRUE
k5gi4xyc2ecwxbq86x5yj7t7,PJ,female,Female,34,0,NA,0,1,NA,2,5,6,6,6,2,2,1,TRUE
0h5qu5s4hzmq5ss4m8e2zjc1,WJ,female,Female,26,0,NA,0,1,NA,1,4,4,4,4,4,7,7,TRUE
wzqp0n6mzhm4w1ih3hcwr10d,PJ,female,Female,34,1,Uk,0,1,NA,2,4,7,7,5,4,3,3,FALSE
bwnnxjsqt9lq39tqrtfim1fy,PJ,female,female,38,0,NA,0,1,NA,1,3,6,7,7,1,1,1,TRUE
6gqb55er4hz4qm50d4qyloli,PJ,female,Female,40,0,NA,0,1,NA,2,1,6,2,2,2,2,2,TRUE
bxin8bu5w0uz96004slvnd2w,PJ,male,Male,30,0,NA,0,1,NA,2,4,3,3,2,2,3,2,TRUE
bw89gy8gab3osrn778d8wjsl,WJ,female,female,43,0,NA,0,0,1,NA,7,1,1,1,1,1,1,TRUE
g7y2nxwwstv5751e30spqhg0,WJ,female,Female,46,0,NA,0,0,1,NA,4,5,3,4,4,4,4,TRUE
8aaa9gv4dtfw8erqgvpy00ri,WJ,female,Female,44,0,NA,0,1,NA,2,3,3,2,1,3,3,2,TRUE
doayjdk946gu2ftxtypfw78j,WJ,male,Male,33,0,NA,0,1,NA,1,2,5,5,3,6,6,6,TRUE
2hvrl057cslhvrn2uge932w7,PJ,female,Female,46,0,NA,0,1,NA,2,2,6,6,5,3,2,2,TRUE
ze2ngq6rasewiv0vc4why60k,PJ,male,Male,25,0,NA,0,1,NA,2,2,7,7,7,7,7,7,TRUE
anfr772fcmrgfsnljwwk9xv7,PJ,female,Female,31,0,NA,0,1,NA,2,5,4,4,4,3,3,3,TRUE
ouzo3jlzebp3rsyvpzhtwzv1,WJ,female,Female,26,0,NA,0,1,NA,2,4,5,4,5,3,5,4,TRUE
yj4qxbxcpzr9ej4wb7g8lbkp,WJ,female,female,58,0,NA,0,1,NA,1,3,6,6,5,3,3,3,TRUE
li02g2fkdh2803iz3vmv6gkh,PJ,male,Male,36,0,NA,0,1,NA,2,4,4,4,2,3,3,3,TRUE
hoj4pf72qgx1c0jqdk4pj0bu,PJ,male,Male,49,0,NA,1,1,NA,2,7,6,6,3,4,4,3,TRUE
hd9luoh6jut2vyiqwan5ziwd,PJ,female,Female,38,0,NA,0,1,NA,2,1,2,5,2,5,5,5,TRUE
y87yrsmoplvtblrlf5jpudbe,PJ,female,Female,44,0,NA,0,1,NA,2,2,6,6,6,3,3,3,TRUE
o4ag9v2hqixd9ymwwbvmt4i9,WJ,female,Female,50,0,NA,0,0,1,NA,2,5,5,3,5,5,4,TRUE
2rmg4eulki6qdogdun66771j,PJ,male,Male,33,0,NA,0,1,NA,2,3,4,6,5,4,3,4,TRUE
rifxjqularfz6txu52otezg3,WJ,male,Male,36,0,NA,0,1,NA,1,4,3,3,2,5,5,6,TRUE
h5i17ravvgb29o2nh8prcs6o,PJ,female,Female,39,0,NA,0,1,NA,2,3,4,4,2,4,2,3,TRUE
0dm3t34mconbxw79n0ixdw0r,WJ,male,male,33,0,NA,0,0,1,NA,3,5,5,5,5,5,5,TRUE
de39vm1nrm4ohib7fzuoj7zu,PJ,female,Female,31,0,NA,0,1,NA,2,5,6,4,6,2,1,1,TRUE
6fcuy0ulmmr7grhldhj8ktgs,WJ,female,Female,51,1,British,0,0,2,NA,4,2,2,2,2,2,2,TRUE
e8mxwx8m20ax0mzo6p3uqyta,PJ,female,Female,37,0,NA,0,1,NA,2,5,7,7,5,3,1,3,TRUE
tfdscsgijkuzlkudluna7rsx,PJ,female,Female,39,0,NA,0,1,NA,2,2,6,6,5,2,2,5,TRUE
3vt0eh754kfkjtauok3kjnvw,WJ,male,Male,34,0,NA,0,0,1,NA,4,4,4,4,4,4,4,TRUE
x0u13cvqbw2la2xs0e74smtc,WJ,female,female,48,0,NA,0,0,2,NA,3,6,6,2,6,6,3,TRUE
3j028hvzemin375o0iue2mzd,WJ,female,Female,26,0,NA,0,0,1,NA,3,7,7,7,6,5,6,TRUE
ya565bu18qmsr2c1hysezyjt,WJ,male,male,50,0,NA,0,1,NA,1,2,2,2,2,6,6,6,TRUE
sife0ywhv06qq64cx54fl1c8,PJ,female,female,44,0,NA,0,1,NA,2,2,2,2,2,3,3,3,TRUE
16q24q0h7ryseacrxzvw1zn0,WJ,female,Female,27,0,NA,0,1,NA,1,4,4,3,2,3,2,4,TRUE
8k03umlccp151sefzenttynp,PJ,male,Male,41,0,NA,0,1,NA,2,1,5,5,4,5,5,3,TRUE
0r70i6gcc407dwre9103wv1q,WJ,female,Female,26,0,NA,0,0,3,NA,4,5,5,5,5,5,5,TRUE
4das65ac73k0romn7evruk5b,WJ,female,Female,50,0,NA,0,0,2,NA,2,4,4,2,4,7,4,TRUE
jdyehla1t6zg8gqmfjuxhk4c,PJ,female,Female,38,0,NA,0,1,NA,2,4,3,4,2,4,3,4,TRUE
o8edy0yipfnhgua230wtaklf,PJ,female,female,46,0,NA,0,1,NA,1,1,3,3,3,5,5,4,TRUE
mupndhd527apb25owv81umiv,WJ,female,Female,27,0,NA,0,1,NA,2,1,5,6,3,6,6,2,TRUE
hxdy0izelvvxinlq202jkvoe,PJ,female,female,61,0,NA,0,1,NA,2,3,3,3,3,2,2,2,TRUE
0wnam12oulcnynzpq2dcdby0,PJ,female,Female,36,0,NA,0,1,NA,1,3,4,4,1,1,3,4,TRUE
u038h20fuvaa5o65w7cb48kc,WJ,female,female,54,0,NA,0,1,NA,1,4,4,4,4,4,4,4,TRUE
kolgi3xrekhyptpgniqkm86l,PJ,male,Male,42,0,NA,0,1,NA,2,4,3,3,4,4,4,2,TRUE
5oik72elrohobkaruesc3s0r,WJ,male,MALE,69,0,NA,0,0,1,NA,5,5,6,5,6,6,6,TRUE
5d9ewh8sefjg7fzlbv381fi1,WJ,female,Female,26,0,NA,0,0,1,NA,2,6,5,3,6,5,6,TRUE
k18gmolhgba81y4hmhxrdwpx,WJ,male,Male,30,0,NA,0,0,1,NA,5,3,4,2,4,5,3,TRUE
of5ldn7tlw64zvwb3q3f2k27,PJ,female,Female,33,0,NA,0,1,NA,2,5,4,4,5,5,3,3,TRUE
hl1oazx034dm22cc26vqm31l,PJ,female,female,42,0,NA,0,1,NA,2,4,4,4,4,3,3,3,TRUE
akomkj75ve5cm46ucd4zlw1k,WJ,female,female,38,0,NA,0,0,1,NA,4,2,1,1,2,1,1,TRUE
d70xraea1klmlvnz9y1i8nb7,WJ,male,Male,26,0,NA,0,1,NA,1,4,4,4,3,5,5,4,TRUE
mmmybx6ebd72jojbjz032dk4,WJ,female,Female,47,0,NA,0,0,1,NA,4,4,4,3,4,4,4,TRUE
pdjz8juu169o4kpheyh3nhus,PJ,male,Makle,40,0,NA,0,1,NA,2,3,3,4,5,5,4,3,TRUE
tq6myvh7vv5hrrmh7kfao19z,WJ,female,female,30,0,NA,0,1,NA,1,2,4,5,3,5,5,5,TRUE
nzgassx6ldddxxyt4lt7bj77,WJ,female,female,25,0,NA,0,0,1,NA,4,3,3,3,4,6,6,TRUE
xoix429hu131q5m07rbl4sck,WJ,female,female,45,0,NA,0,1,NA,1,4,4,4,3,5,4,5,TRUE
adfty21x98dc04vqdkks4ywd,PJ,male,Male,65,0,NA,0,0,2,NA,4,3,4,4,3,3,3,TRUE
pup65mby22cgxgrdrp276vpr,PJ,male,MALE,46,0,NA,0,1,NA,2,2,6,6,4,6,6,4,TRUE
yf4ksglsve09e8p1quj2dw6d,WJ,female,Female,65,0,NA,0,0,2,NA,6,4,4,4,4,4,4,TRUE
jvozdz4ag3nriinug3p16vhf,PJ,male,Male,37,0,NA,0,1,NA,2,3,6,6,4,6,6,4,TRUE
phsklrlhthqq98s7h1gw8nme,PJ,female,Female,29,0,NA,0,1,NA,2,5,4,5,2,4,3,3,TRUE
dr14pba2att3dles5vxo2xvq,PJ,female,Female,37,0,NA,0,1,NA,2,5,7,7,7,2,2,2,TRUE
rvdlinedz4mfmgz1luhfklqy,PJ,female,Female,52,0,NA,0,1,NA,2,1,4,4,3,4,3,3,TRUE
l4ywd7ypj5dldvap892e7g5t,WJ,female,Female,29,0,NA,0,0,1,NA,4,2,3,3,4,4,4,TRUE
lqc9dibptrbxgi6w23wjwoyq,WJ,female,female,28,0,NA,0,1,NA,1,4,1,1,1,2,2,2,TRUE
7jrc1y8injz4g18i5iw17ugc,WJ,female,Female,31,0,NA,0,1,NA,1,5,3,3,2,4,3,5,TRUE
xtrzjlpwb4wjxrnb5m80698h,PJ,male,Male,67,0,NA,0,1,NA,2,4,4,4,3,2,2,2,TRUE
9u92ho87r0ssvp9so7nkeu7o,PJ,female,female,53,0,NA,0,0,2,NA,2,4,4,4,3,3,3,TRUE
8pwicjtzf931zlgf6tji6k7a,PJ,male,male,51,0,NA,0,1,NA,2,4,6,7,6,3,3,3,TRUE
af38b4oiyx4csamhpp74ol8d,PJ,female,Female,26,0,NA,0,1,NA,2,4,4,4,4,4,4,4,TRUE
ahkk7lmx1iubbxe1r3drabbe,PJ,male,Male,34,0,NA,0,0,2,NA,3,6,6,6,5,5,5,TRUE
rplh8lak4efbhoo434907b2r,WJ,female,Female,31,0,NA,0,1,NA,2,3,4,6,3,3,5,3,TRUE
ba9z6u3gyq2hlcag18r3al42,PJ,female,Female,51,0,NA,0,1,NA,2,4,5,6,4,3,3,3,TRUE
sjityj0hsakwyo0r73mrytin,PJ,female,Female,50,0,NA,0,1,NA,2,5,7,7,7,1,2,1,TRUE
d0u8bcl33rt6ssyxqfyhlckb,WJ,male,Male,36,0,NA,0,1,NA,1,5,3,3,2,2,3,3,TRUE
y8jtnukr0j6hm2o5mj1uxlvu,WJ,female,female,49,0,NA,0,0,2,NA,3,3,3,3,5,6,6,TRUE
lhmkgjb8myeqgbfbrcf5s0pm,PJ,male,Male,30,0,NA,0,1,NA,2,4,7,7,7,7,3,3,TRUE
0m8o16cbbnj1phky7o1813fs,WJ,female,female,46,0,NA,0,0,1,NA,4,4,4,4,4,4,4,TRUE
56ljcuwkcksdv6d80jnbcps6,PJ,female,Female,32,0,NA,0,1,NA,2,4,4,5,5,4,3,3,TRUE
xrs0txpz1orohed02hnpnf0m,PJ,female,female,37,0,NA,0,1,NA,2,3,5,4,4,4,4,3,TRUE
rtyeq468mra1a9nrhzo73b8o,WJ,female,Female,33,0,NA,0,1,NA,2,4,3,5,2,5,5,6,TRUE
amgc2yuhr23q0uyh1tskbnv0,WJ,female,female,30,0,NA,0,1,NA,1,3,4,3,3,5,5,5,TRUE
in5n62m2ef7oybp87cygvo8d,PJ,female,Female,37,0,NA,0,1,NA,1,4,4,3,3,4,4,4,TRUE
ctp0sa2cjbcj0sbw84x751qb,WJ,female,Female,39,0,NA,0,1,NA,2,5,3,NA,NA,2,3,2,TRUE
km0igozlb0vp65pycngd0ta1,PJ,male,Male,34,0,NA,0,1,NA,2,3,3,2,2,3,4,3,TRUE
vuv2skar3t2ua9wicjuyp14u,PJ,female,Female,29,0,NA,0,1,NA,2,5,5,5,4,5,4,3,TRUE
fam6b3xvok52loh5nbzmqnla,PJ,female,Female,42,0,NA,0,1,NA,2,6,5,5,5,6,5,5,TRUE
pnj1cg1o7u3uegs7vn7ic824,WJ,female,Female,28,0,NA,0,1,NA,1,4,4,4,4,5,6,4,TRUE
x6eji77qzm46l5cmznx5vtm8,PJ,female,female,40,0,NA,0,1,NA,2,3,3,3,3,3,3,3,TRUE
a13ppb3j6201l9bafrs5dbky,PJ,female,female,37,0,NA,0,1,NA,2,5,5,6,3,3,1,3,TRUE
ta17rvf8rr00qmnzlsxebbrn,WJ,male,Male,50,0,NA,0,0,1,NA,3,4,2,2,6,6,4,TRUE
34uz2ht97p3p60p6csf5krkm,PJ,male,male,38,0,NA,0,1,NA,2,4,5,5,3,5,3,3,TRUE
a66bm9jj8a6as2r6enus8113,PJ,female,Female,51,0,NA,0,1,NA,2,3,4,5,4,3,3,3,TRUE
3zahqylek9jmda2awkp5i83m,PJ,female,Female,33,0,NA,0,1,NA,2,3,5,7,6,3,3,2,TRUE
rntkyn6r2wa0lxaezfm1y81y,PJ,female,female,67,0,NA,0,0,2,NA,4,5,5,5,4,4,3,TRUE
mhhg0jc64rrb81ztrsfsd01u,PJ,male,Male,37,0,NA,0,1,NA,2,6,5,6,6,5,5,3,TRUE
msoixkdk14cgpctebttfrhcn,WJ,male,male,34,0,NA,0,0,3,NA,6,5,5,5,5,5,NA,TRUE
n663rmpexlwclgbgaouybxjt,PJ,male,MALE,30,0,NA,0,1,NA,1,5,3,2,3,4,4,4,TRUE
sw68vqzloniwrvd52dkablof,PJ,female,Female,54,0,NA,0,1,NA,2,3,5,5,4,3,3,3,TRUE
fk0snw9yu4i2g47v7f09sh4t,PJ,female,Female,52,0,NA,0,1,NA,2,3,NA,NA,NA,2,2,3,TRUE
ge0qklb74xnkzplwcl31ymsz,PJ,male,Male,48,0,NA,0,1,NA,2,4,4,4,3,4,3,3,TRUE
o8hf54ugfv52adl66blq0je7,PJ,female,Female,40,0,NA,0,1,NA,2,4,4,4,4,4,4,4,TRUE
0t2f2nn2fp0o7tw4ps8zi9di,WJ,female,female,29,0,NA,0,1,NA,2,2,4,4,4,4,4,3,TRUE
f2669p7oy1v2k6v05jm5d36g,PJ,male,Male,39,0,NA,0,1,NA,2,3,5,5,5,4,3,3,TRUE
fhozbz4p7qs6px7hfshjdfv1,WJ,female,Female,31,0,NA,0,1,NA,1,4,3,4,3,5,4,4,TRUE
wnbvih71qrzmco1vq3gmyddo,PJ,female,Female,44,0,NA,0,1,NA,2,2,3,3,3,3,3,3,TRUE
kh5cbz79sen95mti7c3fyc4h,PJ,female,female,41,0,NA,0,1,NA,2,1,2,4,2,4,4,3,TRUE
hcet4m32wb0uavhe4ulmfn4p,WJ,female,trans woman,33,0,NA,0,0,3,NA,2,4,4,3,4,4,3,TRUE
lb3bnkd8qb2jjv9nim6p48g0,PJ,female,female,47,0,NA,0,1,NA,2,4,6,6,5,3,2,2,TRUE
9yto210oyb599nkow22rnw9w,PJ,female,Female,44,1,British,0,1,NA,2,5,4,4,4,4,4,4,FALSE
e7xc1niymvbhohp2oliwfvl4,WJ,male,Male,65,0,NA,0,0,2,NA,1,4,4,4,4,4,4,TRUE
05670awdvd1yk2ar45ejhzaa,WJ,female,Female,31,0,NA,0,0,2,NA,3,4,7,3,4,5,5,TRUE
ry42umm63fgo5xpfxg7m71q0,PJ,female,female,25,0,NA,0,1,NA,2,4,7,7,3,1,1,1,TRUE
0gxps78hmh8h16pcqrciazpv,WJ,female,Female,58,0,NA,0,0,1,NA,4,4,4,4,4,4,4,TRUE
dz6hu5iuxz6kplj2b7icws8f,WJ,male,Male,30,0,NA,0,1,NA,1,4,4,7,4,4,3,4,TRUE
khv1bc24jngo4prcbtx7byq0,PJ,female,Female,53,0,NA,0,1,NA,2,2,4,5,3,3,3,3,TRUE
erqydeuwe2icgra304z3h327,WJ,male,Male,52,0,NA,0,1,NA,1,4,4,3,3,4,5,5,TRUE
wu0ipbubhe8r2sf2eafomt51,WJ,male,male,45,1,british,0,1,NA,1,2,4,4,4,4,4,4,FALSE
4hy646vqpkt73bt4ub71dxy9,PJ,female,Female,52,0,NA,0,1,NA,2,1,2,6,3,5,3,4,TRUE
49ajy6kfpc7yq8u7fxu6dc0k,PJ,female,Female,32,0,NA,0,1,NA,2,2,6,6,6,2,2,3,TRUE
f85xugu9bfbw0lwikhe6c9ko,PJ,female,female,39,0,NA,0,1,NA,2,3,4,4,4,4,4,4,TRUE
dtu5tws96a32yk22jq23o2ll,WJ,male,male,57,0,NA,0,0,1,NA,4,2,2,2,5,5,5,TRUE
vpt61xh7ftl6jltrpnwctbzv,PJ,male,male,27,0,NA,0,1,NA,3,2,4,5,5,4,5,5,TRUE
sumnfvsjdh9954a4cui1eada,WJ,female,Female,27,0,NA,0,1,NA,1,4,4,2,3,6,2,5,TRUE
252orb854xqjxid7q2ff0mdz,PJ,male,Male,31,0,NA,0,1,NA,2,3,4,6,5,4,4,2,TRUE
h0ldqodr8korfleidj4lpvn7,WJ,male,Male,25,0,NA,0,0,3,NA,4,4,4,3,4,4,4,TRUE
mjj62rdwea216983jf3g0hy0,PJ,male,male,52,0,NA,0,1,NA,2,3,4,6,2,4,6,2,TRUE
stuim74gmvb067z9mipwsrth,PJ,male,Male,44,0,NA,0,1,NA,2,4,7,7,4,2,2,2,TRUE
yx0pnknf8ts8chch5waopvee,WJ,female,female,26,0,NA,0,1,NA,2,3,2,4,2,4,4,3,TRUE
dl3fa7fjyblenew0mny6hxsa,PJ,male,Male,47,0,NA,0,1,NA,2,5,7,6,6,3,1,1,TRUE
tbek85jvumgqz6wy1bmvjfxv,PJ,male,Male,40,0,NA,0,1,NA,2,4,6,6,4,6,6,4,TRUE
lv5dvr9nm9gespm75lbrqs2c,WJ,male,Male,32,0,NA,0,1,NA,3,3,3,5,6,4,4,5,TRUE
r6ah6esdinkl0lfkopexesoj,WJ,female,Female,31,0,NA,0,1,NA,2,4,4,4,4,4,5,3,TRUE
7fp7obsyu057vlsjrlxtda7a,WJ,female,Female,40,0,NA,0,0,1,NA,2,6,6,4,6,3,4,TRUE
fyf0b2puab9scunjhy0u6lwe,PJ,male,Male,42,0,NA,0,1,NA,2,3,6,6,3,6,6,3,TRUE
5yspwskt1lfzaciuibqbyvfh,WJ,female,female,40,0,NA,0,0,1,NA,4,4,4,4,4,4,4,TRUE
y8s0k0grm3zib3ojjj6o9md4,WJ,male,Male,59,0,NA,0,1,NA,1,4,6,6,6,7,6,7,TRUE
xd9gwbynsl5x2mkc5b2unvrh,WJ,female,Female,39,0,NA,0,1,NA,1,4,3,3,2,6,6,6,TRUE
lnytc2roiv150cdd10t9d8l9,WJ,female,Female,37,0,NA,0,0,1,NA,4,6,3,3,4,6,3,TRUE
wxvbunsmiz11v55wol0zy50k,PJ,male,Male,26,0,NA,0,1,NA,2,2,6,6,6,5,5,3,TRUE
5gbbfcfdcrrl46yg73ggqvzd,WJ,female,female,43,0,NA,0,1,NA,1,5,3,3,3,4,4,4,TRUE
5vayp78is4ph25xn3s95skm7,WJ,male,male,33,0,NA,0,1,NA,1,3,7,7,7,7,7,7,TRUE
wld0k14lfo2qkzxoasvh3r43,PJ,female,female,40,1,Romanian,0,1,NA,2,4,2,3,2,3,2,2,FALSE
lyfo6xrwis5k1913qtos9zdu,WJ,male,Male,38,0,NA,0,1,NA,2,4,5,5,5,3,3,3,TRUE
e8x89cez9xjolwwa6xsbi0hl,PJ,female,Female,28,0,NA,0,1,NA,2,1,4,4,3,4,4,3,TRUE
qy2fz5rm1v6aqa13acqa7gay,WJ,female,Female,57,0,NA,0,0,1,NA,2,4,4,3,4,4,3,TRUE
v9xcmarpzx4opgbriacdpf2r,PJ,female,Female,32,0,NA,0,1,NA,2,3,6,7,6,3,2,2,TRUE
7f8jpmszr2pqf6mx3qmwva1b,PJ,female,Female,56,0,NA,0,0,2,NA,3,6,6,5,6,3,4,TRUE
91altq7apu0dptxewxnc47s3,WJ,female,female,46,0,NA,0,0,1,NA,4,7,7,7,7,7,7,TRUE
7wore7hxndddsvw3u1qb2m6c,PJ,female,female,60,0,NA,0,0,2,NA,4,4,4,4,4,4,4,TRUE
c0lt0f0ski9wncua2e9j89ey,WJ,female,Female,27,0,NA,0,0,3,NA,4,4,4,3,4,4,4,TRUE
m30ts18n8i7r47i27tr3anlv,PJ,female,female,41,0,NA,0,1,NA,2,3,4,6,5,3,3,2,TRUE
d5pgihh9wyrw3jc010ogj77j,PJ,female,Female,37,0,NA,0,0,2,NA,4,5,5,5,4,4,3,TRUE
u6uv66orp0rishbg4j4477e3,WJ,female,Female,34,0,NA,0,1,NA,2,4,2,2,2,2,2,2,TRUE
wgthuw0jw8i48nkonj4l2xd0,WJ,female,Female,57,0,NA,0,1,NA,1,4,5,4,3,6,6,6,TRUE
w53trfzmg3wweqdlx3r57rrf,PJ,female,female,45,0,NA,0,1,NA,2,1,6,6,3,3,6,3,TRUE
g2knaot240j4ai2klf2uotsu,WJ,male,Male,29,0,NA,0,1,NA,1,4,3,3,3,5,5,5,TRUE
tuu4r0n6awvs8s0cq4uibc1n,WJ,male,male,26,0,NA,0,0,1,NA,4,4,4,3,4,4,5,TRUE
huakaaqexb5aj9rrxgfnpyao,WJ,female,Female,31,0,NA,0,1,NA,1,6,4,3,2,4,5,4,TRUE
eb32sx2jdolcjb3o0wn85sst,PJ,female,Female,36,0,NA,0,1,NA,2,4,5,6,3,6,5,5,TRUE
pbuaf8hmhacc4yhjpxs8kzmn,WJ,female,female,35,1,lithuanian,0,1,NA,1,5,3,3,4,4,4,4,FALSE
ulgco86tmlec1whiqlt6qzhw,WJ,female,Female,47,0,NA,0,1,NA,1,4,1,1,1,7,7,7,TRUE
kqcs82b17x0v3tkvluli54bv,PJ,female,email,44,0,NA,0,1,NA,2,4,4,3,3,2,2,2,TRUE
yb6qthosxv6zgm9zuuy1kqt4,WJ,male,Male,31,0,NA,0,1,NA,2,4,4,4,4,4,4,4,TRUE
2wnb5mszdjppgk3ku8kdtljo,WJ,female,Female,28,0,NA,0,0,1,NA,3,4,4,3,4,4,5,TRUE
rf8yzofh31m0hpc2bhomimt6,PJ,female,Female,53,0,NA,0,0,2,NA,2,4,4,3,4,4,3,TRUE
t635586ma5glhrx37hrx2aj4,WJ,male,Male,37,0,NA,0,0,1,NA,4,4,5,3,5,5,5,TRUE
ogow3fvjolk7djnwpp4z50b7,PJ,male,Male,65,0,NA,0,0,2,NA,3,6,6,3,6,6,3,TRUE
npuy7wh0eiuvp4mrpaelgljq,PJ,female,Female,30,0,NA,0,1,NA,1,3,3,4,3,4,4,3,TRUE
o1jxuzq8x9bwhsutpj6fhqy4,PJ,female,Female,37,0,NA,0,1,NA,2,4,6,6,4,2,2,2,TRUE
6mtla3baave40v3awt2upt7x,WJ,male,Male,27,0,NA,0,1,NA,1,4,4,7,7,7,7,7,TRUE
owyh6urqfvi9uuetumq8iypu,WJ,male,Male,43,0,NA,0,0,1,NA,2,4,5,3,7,7,7,TRUE
g0ml1bo5oasqtw6qrub502l1,WJ,female,Female,40,0,NA,0,1,NA,2,4,3,3,3,3,3,3,TRUE
8yu3bi637c5bwybe9v4glghj,PJ,male,Male,26,1,American,0,1,NA,1,4,5,5,5,4,3,3,TRUE
q5k9zhlceiqfb415cvr4hiq0,PJ,male,Male,28,0,NA,0,1,NA,2,2,7,7,4,7,7,4,TRUE
zlz4zg8ce2bgcr15btywbx92,PJ,male,Male,39,0,NA,0,1,NA,2,3,5,6,6,3,3,3,TRUE
p9dzag93uwi0mlb56p1frvnu,PJ,female,Female,29,0,NA,0,1,NA,2,5,5,5,3,2,2,1,TRUE
da7bbl99f9piev1rizjzifwr,PJ,male,Male,36,0,NA,0,1,NA,2,3,7,7,5,7,7,4,TRUE
ghom0d41fbz6yp02f8tfg19s,WJ,male,Male,35,0,NA,0,1,NA,1,4,4,4,3,4,6,4,TRUE
3jpplnu73yngnvy29luzdd26,PJ,female,Female,47,0,NA,0,1,NA,2,4,7,7,4,3,3,3,TRUE
7wom5vbwq9lsbl3yph327exc,WJ,female,Female,26,0,NA,0,0,1,NA,1,3,5,3,3,3,3,TRUE
a18qmgvyplphbnw6nyhy3hs3,PJ,male,Male,58,0,NA,0,0,2,NA,1,3,4,2,5,6,4,TRUE
mcg5buza33jifyybhd5e4rfg,PJ,female,female,49,0,NA,0,1,NA,2,4,4,4,3,4,4,3,TRUE
nj9sr8aqty75pgp3ndkrt642,PJ,female,Female,27,0,NA,0,1,NA,2,2,6,6,6,3,3,3,TRUE
hl71wrdcuu5k48tioihjrgwy,PJ,female,Female,63,0,NA,0,0,2,NA,4,4,7,3,4,3,3,TRUE
aa6ojiok9lbm8hdeezun8eid,WJ,female,Female,57,0,NA,0,1,NA,1,4,4,5,5,4,4,3,TRUE
mfls3hk8jjijrxvo15kpe83q,WJ,female,Female,45,1,Turkish,0,0,1,NA,4,4,3,3,6,6,6,FALSE
t5wpn2oreb6v97fi9ehrh1jy,PJ,female,Female,50,0,NA,0,1,NA,2,4,4,4,4,4,5,4,TRUE
dd0r3lfouq9v4uxeees9lgvz,WJ,male,male,42,0,NA,0,1,NA,1,2,3,4,4,4,3,4,TRUE
wyr0f0cyw7hwf9nuh62kagql,PJ,female,Female,46,0,NA,0,0,2,NA,2,4,6,4,4,3,3,TRUE
wrvoa5g4s4d2fm3rmfdjv4ww,WJ,female,Female,43,0,NA,0,1,NA,1,4,2,2,1,6,6,5,TRUE
38ffx12stftq8a2qkv4sq5og,WJ,male,male,29,0,NA,0,0,1,NA,3,4,4,4,4,4,5,TRUE
61hazc88z1trjfzh3kt9krhc,PJ,sex and gender diverse,Non-binary,33,0,NA,0,1,NA,2,1,4,4,3,6,5,6,TRUE
jg9v2mj457nbgrwa1aik1pyf,WJ,female,Female,27,0,NA,0,1,NA,1,4,7,4,4,7,7,7,TRUE
tk6w2mmgff4pjth8zv7fr6o9,WJ,female,Female,47,1,White British,0,1,NA,1,5,3,5,2,6,2,5,FALSE
zp2t224e0uumm4ildu44n0it,PJ,female,female,73,0,NA,0,0,2,NA,4,4,4,4,4,4,4,TRUE
y2ip18t71zzcd9x3tzsao8dg,PJ,female,female,62,0,NA,0,1,NA,1,3,4,5,4,4,4,4,TRUE
2a1n21s6ameclts127p86uq4,PJ,male,Male,29,0,NA,1,1,NA,1,5,4,4,4,3,4,2,TRUE
tjd3xp9j5n5c2x0246jdr005,WJ,female,Female,38,0,NA,0,1,NA,1,4,6,4,4,7,7,7,TRUE
juf0vkul0l0w9yg6cm797lia,PJ,female,Female,29,0,NA,0,1,NA,2,4,4,5,4,2,2,2,TRUE
640wwqxh9sejaoa7apw01s0d,WJ,female,Female,49,0,NA,0,1,NA,2,2,2,4,2,5,4,4,TRUE
dv4i774p5ukln2dc56a21fay,PJ,male,Male,52,0,NA,0,0,2,NA,4,4,5,3,3,3,3,TRUE
0an4o2cfckjcsj1jogyrohwl,WJ,female,Female,33,0,NA,0,1,NA,2,4,4,6,6,6,6,6,TRUE
z1uef97t2uts390y4xhh8e72,PJ,female,Female,55,0,NA,0,1,NA,2,2,3,6,2,4,2,3,TRUE
p9g498q5tt19f1vrrkixzcuy,WJ,female,Female,53,0,NA,0,1,NA,1,4,4,5,3,5,6,3,TRUE
1pvaq5hbei5ttzsmb48fs02u,WJ,female,Female,27,0,NA,0,0,1,NA,4,6,6,3,3,2,3,TRUE
5viqvbrpd9u7b9bntvfmq12d,WJ,female,Female,50,0,NA,0,1,NA,1,2,4,4,3,4,4,5,TRUE
whp1o6ile87iqzansc99manu,PJ,male,Male,48,0,NA,0,1,NA,2,5,6,7,3,6,2,3,TRUE
gub7ig3ihu9z4ham00bc1c6x,PJ,female,female,64,0,NA,0,1,NA,2,5,4,6,2,6,2,2,TRUE
l2ts2fx3250spp08311tcg1i,WJ,male,male,58,0,NA,0,1,NA,NA,4,6,5,4,5,5,5,TRUE
nhja9wzils02vdq4apz1sdj1,PJ,female,Female,52,0,NA,0,0,2,NA,4,4,4,3,4,4,3,TRUE
6s6mkags59lh3ura7d7rc14p,WJ,female,Female,46,0,NA,0,1,NA,1,5,4,5,3,4,5,4,TRUE
f3007o134iqizfgearswmdja,WJ,female,Female,26,0,NA,0,0,1,NA,4,3,3,3,7,7,7,TRUE
bj6051cj2uc5lrqe7jr82p6c,PJ,female,female,52,0,NA,0,1,NA,2,3,4,4,4,4,4,4,TRUE
f2fz7eaw62ay2u4giz24fewk,PJ,female,Female,25,0,NA,0,1,NA,1,4,3,3,4,3,4,4,TRUE
kpoy91shmpp8o7ogdhvcv5wb,WJ,female,Female,44,0,NA,0,1,NA,1,4,7,7,1,7,7,7,TRUE
8731p48cmyd1awmh2t2zxcbc,PJ,female,Female,28,0,NA,0,1,NA,2,1,7,7,4,3,3,3,TRUE
aw128gy5h0kf63ermk2tq08j,WJ,male,Male,48,0,NA,0,0,1,NA,3,3,2,2,6,6,7,TRUE
x1tdpm2rx8g9pgvfiz03h3br,WJ,female,female,50,0,NA,0,0,1,NA,5,5,5,3,6,7,4,TRUE
gs633ixbuelkjjbjc3koc9l8,PJ,female,Female,36,0,NA,0,1,NA,2,3,4,4,4,3,3,3,TRUE
z60wzgqqikie5yok287ay8de,PJ,female,Female,46,0,NA,0,1,NA,2,4,6,6,2,6,6,3,TRUE
ywflxa2og5lfpy5ssbaubsoz,PJ,female,Female,25,0,NA,0,1,NA,2,2,6,7,6,3,2,3,TRUE
cf1drq5ll6sqxyfejltv20fv,PJ,female,Female,74,0,NA,0,0,2,NA,6,7,7,6,1,1,1,TRUE
lm5bj8o4wcf3ev97p5tnvozs,PJ,female,Female,31,0,NA,0,1,NA,2,5,7,7,2,7,2,2,TRUE
ckys9ke5295752tjw4wbhzsk,PJ,female,Female,29,0,NA,0,0,2,NA,3,5,6,3,2,2,5,TRUE
17o0xbu5fs0ovbbn5caq7wzv,PJ,female,female,60,0,NA,0,1,NA,2,2,4,4,3,5,5,5,TRUE
7y1p39ustp4ymd2lddlvtl5j,WJ,female,Female,40,0,NA,0,0,1,NA,1,2,5,2,7,7,7,TRUE
f10midl68qk3g62tthu1c2mh,WJ,male,Male,47,0,NA,0,1,NA,1,4,3,3,3,4,2,3,TRUE
cy8q1393kg8m3u8ju5uirh8u,WJ,male,Male,25,1,English,0,1,NA,1,4,3,1,2,4,5,4,FALSE
zho7x1tfshnp4sipj6b24i1g,PJ,female,female,36,0,NA,0,1,NA,2,4,7,7,6,1,1,2,TRUE
v647f65mr1xglm8phgbdyj4u,PJ,female,female,49,0,NA,0,1,NA,2,3,5,6,4,4,4,3,TRUE
m8qb4tioqe3xhxubhulfppry,PJ,male,Male,63,0,NA,0,0,2,NA,5,4,6,4,2,2,2,TRUE
5je60wv7823puzs6l2r7tekz,WJ,female,Female,27,0,NA,0,1,NA,2,4,4,4,4,4,4,4,TRUE
cj672zh4xx0gr8872g5wf6sb,WJ,female,female,27,0,NA,0,1,NA,2,5,2,3,1,4,3,2,TRUE
oyx1g3ahack1sxp6i7bj67e8,PJ,male,male,35,0,NA,0,0,2,NA,5,4,3,3,4,4,4,TRUE
k6ppmcfvux6n88u80otfllon,WJ,male,Male,25,0,NA,0,1,NA,2,3,4,3,1,3,4,6,TRUE
dlnvo16c608cz7t4o0jnf8wu,WJ,female,Female,40,0,NA,0,1,NA,1,4,4,2,2,4,7,3,TRUE
urg2rjvqlni12qi9vxdsf57s,PJ,male,Male,51,0,NA,0,1,NA,2,4,4,6,4,4,3,2,TRUE
ftjwvuleizm1ivlih51scn2p,WJ,female,Female,44,0,NA,0,1,NA,1,4,1,1,1,3,4,5,TRUE
3a2umd7e7sew2upklfhwxhan,PJ,female,female,50,0,NA,0,1,NA,2,4,4,5,3,3,3,2,TRUE
a5qr8fqpdj8aca62nuqzoy60,PJ,female,Female,32,0,NA,0,1,NA,2,3,4,6,3,4,5,4,TRUE
n0ktnj239lce3xg1vlpo4cw8,PJ,female,Female,32,0,NA,0,1,NA,2,3,3,4,2,3,4,2,TRUE
7vuvv2vtss4jstpxa3p8e5ie,PJ,female,female,72,0,NA,0,0,2,NA,3,4,4,4,4,3,3,TRUE
kcw8yqroq2dslj0z57de3ec8,WJ,female,female,38,0,NA,0,1,NA,3,1,4,4,1,4,4,7,TRUE
o9pn0s9z0anp0a3s3f6iiyru,PJ,female,Female,63,0,NA,0,1,NA,2,4,5,6,6,2,2,2,TRUE
egq0h3f0zqmjf1esslm9w4f5,WJ,female,female,52,0,NA,0,0,2,NA,4,2,2,2,4,4,4,TRUE
vpja6wdkkkwsy75l365l59t5,WJ,male,male,50,0,NA,0,0,1,NA,3,4,3,2,6,6,6,TRUE
41vxspwdgl36xveb0rwxv1ie,WJ,female,female,30,0,NA,0,1,NA,1,4,6,4,2,6,6,6,TRUE
uxulbst95g3xgrx9b195mqw9,PJ,female,Female,34,0,NA,0,1,NA,2,4,5,7,7,3,2,2,TRUE
16uzyqenctwnrosqkmqdhjon,PJ,female,female,48,0,NA,0,1,NA,2,5,4,4,2,6,3,2,TRUE
kxlojxpnkia9nu3scpn72996,PJ,female,FEMALE,27,0,NA,0,1,NA,2,3,5,5,4,2,2,2,TRUE
nnm7t89s1iw63e8t4oi68ar9,PJ,female,Female,41,0,NA,0,1,NA,2,4,4,4,4,4,4,4,TRUE
ddq8hbogosoe240iju1bm0sq,PJ,male,Male,48,0,NA,0,1,NA,2,1,4,4,3,4,4,4,TRUE
lh4vf13f0sqrmyde5iqk1ncm,PJ,female,Female,35,0,NA,0,1,NA,2,6,5,6,4,2,3,2,TRUE
f023vpgoqpg9h8k27nri6akl,WJ,female,Female,31,0,NA,0,1,NA,1,4,3,3,3,4,3,3,TRUE
tb64wdoq1bo7lv7g12g67ebv,WJ,male,Male,26,0,NA,0,1,NA,1,4,7,7,6,7,7,6,TRUE
trujc89g1gcbx80qrj4rhtst,WJ,female,Female,33,0,NA,0,0,1,NA,4,5,5,5,5,5,5,TRUE
tgm44mqdfsqk50h7cqc178gr,PJ,male,Male,26,0,NA,0,1,NA,1,4,4,5,4,4,3,4,TRUE
5tonctkbknzpodt7nxkx07k0,PJ,female,FEMALE,32,0,NA,1,1,NA,2,4,6,6,6,6,6,2,TRUE
6pc4lzh8bzjkx0d6keupad4p,PJ,female,Female,31,0,NA,0,0,2,NA,2,6,6,5,4,3,2,TRUE
wyjvz46yx76x5ih3gvdc1htl,PJ,female,Female,31,0,NA,0,1,NA,2,5,4,4,4,2,1,1,TRUE
4bdjxypkypymu6jlj1f9jx4l,PJ,female,Female,31,0,NA,0,1,NA,2,4,4,3,3,2,2,2,TRUE
tnys3fhyajk1wv8v99bkffa5,PJ,female,Female,29,0,NA,0,1,NA,2,3,5,6,3,3,2,3,TRUE
jti6dfx3vulovm4ghihp5l3h,WJ,female,Female,28,0,NA,0,1,NA,2,6,5,4,4,5,4,4,TRUE
2r01ihrgv27mkrwp8qordkis,PJ,male,Male,47,0,NA,0,1,NA,2,2,5,5,3,5,5,3,TRUE
s9b2u0zqjf57sry2e4gxyftn,PJ,male,male,45,0,NA,0,1,NA,2,6,7,7,7,1,1,1,TRUE
bfcv90o63rlmbjhladix43co,PJ,female,Female,34,0,NA,0,1,NA,2,5,5,7,2,5,3,2,TRUE
e4n2srk002dr61me29p9m6vi,PJ,female,Female,25,0,NA,0,1,NA,2,4,4,4,3,4,3,3,TRUE
d9cekqnbtcndhlefs6botm1j,WJ,male,male,42,0,NA,0,0,1,NA,4,4,7,7,4,4,4,TRUE
uubdxerjyjh3nv6q6mhf0v4w,WJ,female,female,40,0,NA,0,0,1,NA,3,5,5,1,6,6,7,TRUE
hw9uqy436xlh2jjboyp1hjsq,PJ,male,Male,46,0,NA,0,1,NA,2,3,4,4,3,4,4,3,TRUE
zovwffnqh33h898iuhm6yvm9,PJ,female,Female,57,0,NA,0,0,2,NA,2,6,7,3,3,2,3,TRUE
35fpinj2apsjjtywy7dl0rwm,PJ,male,Male,34,0,NA,0,1,NA,2,3,5,5,4,3,3,3,TRUE
zqwafjvksrwygkyr49klcd2y,PJ,female,Female,26,0,NA,0,1,NA,2,2,6,6,6,4,3,2,TRUE
av8vcaxo68xe918vlnizg1xi,WJ,female,Female,28,0,NA,0,0,2,NA,3,3,6,3,3,3,6,TRUE
ncgi4hx7skdvgn3agwez79yw,PJ,female,Female,64,0,NA,0,1,NA,2,5,7,7,7,1,1,1,TRUE
anunirj8ntbbdxdirklv3qh7,PJ,female,Female,39,0,NA,0,1,NA,2,3,4,6,5,4,3,2,TRUE
t4tm27aqefg07h467q45q4xq,PJ,female,Female,29,0,NA,0,1,NA,1,1,4,5,2,5,6,5,TRUE
c6pnuztdc3ae9bkcjqk4pbrv,WJ,male,Male,44,0,NA,0,1,NA,1,4,2,4,3,2,4,4,TRUE
uxslhhyzgz7ou3evk77rzp77,PJ,female,Female,51,0,NA,0,0,2,NA,5,7,7,7,2,2,2,TRUE
97f5pp5ox9ty5lcwrhddk16i,WJ,female,Female,49,0,NA,0,0,1,NA,4,4,4,3,4,4,4,TRUE
d0l7v9sbvhcgp6an6nh1rkdd,PJ,female,Female,32,0,NA,0,1,NA,2,1,4,4,4,4,4,4,TRUE
tici2bczirm2nmgjw7uzb5y9,WJ,female,Female,31,0,NA,1,1,NA,1,1,5,1,1,7,7,7,TRUE
s3r3242cjkou2yfsdp6m5q3m,WJ,female,female,35,0,NA,0,0,1,NA,4,5,5,2,5,6,5,TRUE
iuqpyeaf374hgc57chr86fqx,WJ,female,Female,68,0,NA,0,0,2,NA,4,5,4,4,4,3,3,TRUE
819jd2qgopfpgfn2bvht0hvb,PJ,male,Male,41,0,NA,0,1,NA,2,3,6,5,2,2,1,2,TRUE
jf35ipugwvo4uqlr468kejau,WJ,female,Female,29,0,NA,0,1,NA,2,4,4,4,4,4,4,4,TRUE
8dgmwm5g5ha6pkz8r48smbfg,WJ,female,female,56,0,NA,0,1,NA,1,4,4,2,1,5,6,5,TRUE
rpwmuplmepgufqqplakeq496,PJ,male,Male,62,0,NA,0,0,2,NA,5,7,7,7,4,2,2,TRUE
gazenzeb13n2g4jkg937r1dr,PJ,female,female,40,0,NA,0,0,2,NA,3,7,3,7,3,3,1,TRUE
rd85s38dp83glrafn2jhfv75,WJ,female,female,56,0,NA,0,1,NA,2,5,5,5,5,4,3,3,TRUE
gr66d95dj7qxeqifu18vxqmy,WJ,female,FEMALE,47,0,NA,0,1,NA,1,4,4,5,2,4,6,5,TRUE
bv42ehohc04xiiiobiqpmbvh,WJ,female,female,37,0,NA,0,0,1,NA,1,3,2,3,4,4,4,TRUE
5o2ntdzn5c0qz5yzwc0fhgmd,WJ,female,Female,33,0,NA,0,0,1,NA,2,4,5,4,6,6,6,TRUE
tfpha9elf1gow0n1xoupunjm,PJ,male,Male,64,0,NA,0,1,NA,2,5,4,5,3,5,3,3,TRUE
tudro09g6ml9jl1fcsej8w9u,WJ,female,Female,30,0,NA,0,1,NA,3,3,4,3,4,6,6,6,TRUE
dzeu95yq8qti4ynfrhreoir9,PJ,female,Female,26,0,NA,0,1,NA,3,4,4,4,5,4,4,3,TRUE
nhslewbkhy0r5t72gmtwzm4h,WJ,female,Female,47,0,NA,0,0,1,NA,2,3,5,1,4,6,6,TRUE
qt55jbj4u8s9vap669ar88xe,PJ,female,Female,28,0,NA,0,1,NA,2,2,5,7,2,3,6,2,TRUE
zwr2vp5tat67i5ocfa6sdne6,PJ,female,female,44,0,NA,0,1,NA,2,5,6,6,6,2,2,2,TRUE
y66kqikydewvelkrp4jm0nb2,WJ,male,Male,26,0,NA,0,1,NA,1,2,7,3,3,7,7,7,TRUE
17d6asndljxt9cmumdjsik8l,WJ,male,Male,31,0,NA,0,1,NA,1,5,7,7,6,4,3,5,TRUE
628om3fv82y6xq8l6tbkdz1q,PJ,female,female,33,0,NA,0,1,NA,2,3,4,4,4,3,3,3,TRUE
nu2ulsos8v5mdopv1pllnlo6,PJ,female,Female,48,0,NA,0,1,NA,2,3,4,4,3,4,4,3,TRUE
ambr24k9d766cjs6ssuv29dz,WJ,female,female,56,0,NA,0,0,1,NA,4,7,7,3,7,7,7,TRUE
is930aysloz7rh6z4micu6fc,WJ,female,Female,44,0,NA,0,1,NA,1,4,7,7,4,7,7,4,TRUE
cg7chziqjgyw8p7l8u1pkors,PJ,male,male,59,0,NA,0,1,NA,3,2,6,7,7,3,2,1,TRUE
jgacufm8wzfadh5p3uu5d5wr,WJ,male,Male,33,0,NA,0,1,NA,1,3,3,5,5,5,6,6,TRUE
b8287uspovr6cngodlplf31c,PJ,female,Female,30,0,NA,0,1,NA,2,5,3,2,2,2,2,2,TRUE
l2zjkcoivxink9re9jcfka42,PJ,female,female,32,1,Philippines,0,1,NA,1,3,7,7,4,1,1,4,TRUE
t9d2fuou1s1r901ql3rp9j0c,WJ,female,Female,32,0,NA,0,1,NA,1,4,4,3,2,6,6,3,TRUE
xdm2efw6sxjbljtefwgo899s,WJ,female,Female,37,0,NA,0,1,NA,1,4,2,2,2,2,2,2,TRUE
8m371e741mrxa0k0avjespia,PJ,male,Male,32,0,NA,1,1,NA,1,3,4,6,3,3,3,3,TRUE
qppxbfsj4iufs6cd57bcez12,PJ,female,Female,35,0,NA,0,1,NA,2,2,3,6,3,3,4,3,TRUE
vy6vrw2y8bkmmmuyk32dcycn,WJ,female,female,34,0,NA,0,1,NA,3,4,5,5,7,6,6,6,TRUE
iowuep8zuvv00mn3gzukf0fa,WJ,female,female,53,0,NA,0,1,NA,1,4,4,4,4,4,4,4,TRUE
gp7ccxrlqv2t8houo4eikihp,PJ,male,Male,37,0,NA,0,1,NA,1,3,4,3,3,4,4,3,TRUE
sf2rr33meetv7aeu4e8yed5d,WJ,female,Female,46,0,NA,0,1,NA,1,4,1,1,1,4,4,4,TRUE
dq3jrs3qv78xw8zx2gaorxmc,PJ,male,Male,37,0,NA,0,1,NA,2,4,4,3,3,4,3,3,TRUE
3drvk297u9lx0ltc4oh987c9,PJ,male,Male,37,0,NA,0,1,NA,3,4,6,6,6,5,6,5,TRUE
9ef6dprnmpbukqg995qd9cvc,WJ,female,Female,26,0,NA,0,1,NA,2,4,4,4,2,6,6,5,TRUE
x78aox5awaqv8tuy7lg2bz0c,PJ,female,Female,34,0,NA,0,1,NA,2,4,4,5,3,1,1,2,TRUE
iv0gk8l6gt09rvm1o1vgt8xb,PJ,female,female,55,0,NA,0,1,NA,2,6,2,3,2,3,2,2,TRUE
30ld9yx659zjt672pg4kwfhs,PJ,female,Female,54,0,NA,0,1,NA,2,2,6,6,6,6,6,6,TRUE
bx6n3wenjfh3cwut6xyqa7nf,PJ,female,Female,29,0,NA,0,1,NA,2,2,5,6,4,2,2,2,TRUE
jri1eafqtp4j1c0vfekuosoc,PJ,female,Female,31,0,NA,0,1,NA,2,4,5,6,3,2,2,2,TRUE
3mflwh1tibd7jso7kc6gbqaq,WJ,male,Male,42,0,NA,0,0,2,NA,2,2,2,2,4,5,6,TRUE
4dqzik93qlvkp2zxebvj78sg,PJ,male,Male,34,0,NA,0,1,NA,2,5,4,5,3,4,5,4,TRUE
7x4cth0ebiycr19blp4j60vd,WJ,male,male,61,1,English,0,0,2,NA,3,4,4,4,4,4,4,TRUE
mewh8jwmk459wq18eh232j2y,PJ,male,Male,40,0,NA,0,1,NA,2,3,6,6,2,2,2,2,TRUE
d97jkd3r39p7ek9jwi0043wu,WJ,male,Male,28,0,NA,0,1,NA,2,5,4,6,6,4,3,3,TRUE
wjysesy5yx5sanad274kksgr,PJ,female,Female,45,0,NA,0,1,NA,2,5,7,7,4,3,3,2,TRUE
cwa9w9gnpyk6y610jagmzvyp,PJ,female,female,35,0,NA,0,1,NA,2,2,5,5,4,3,2,2,TRUE
wpabvznlxup472ym2vtvw717,WJ,female,Female,56,0,NA,0,0,1,NA,4,4,6,2,6,6,6,TRUE
vzzutrrcef9nar254pu6o6e1,PJ,female,Female,32,0,NA,0,1,NA,2,3,4,7,2,2,1,5,TRUE
f7e2m994sxv2vg4qny3h7aua,WJ,female,Female,41,0,NA,0,1,NA,1,3,5,5,2,7,7,6,TRUE
ljrzy9miw68hfgu1qgp1hlua,PJ,female,Female,35,0,NA,0,0,2,NA,4,4,4,6,4,5,3,TRUE
bfuj3umogyyr43tc5x67gclg,WJ,male,Male,44,0,NA,0,1,NA,2,4,4,2,2,4,4,4,TRUE
bzendhsz5hzs5bdemzsoyko4,WJ,male,male,35,0,NA,0,1,NA,1,4,2,3,4,5,4,3,TRUE
2njzaehzrth8g0vx31tdb6a8,PJ,male,male,54,0,NA,0,0,2,NA,5,5,7,6,2,1,1,TRUE
npnsmstw826ccbtry4wvmzwn,PJ,male,Male,51,0,NA,0,1,NA,2,7,7,7,7,1,1,1,TRUE
eegexuijwb9dwg2z5x0ca872,PJ,male,Male,52,0,NA,0,1,NA,2,3,6,6,5,2,2,3,TRUE
gq66jq8bl95z0ymrmtmsufp6,PJ,female,Female,40,0,NA,0,1,NA,2,3,5,5,5,3,3,3,TRUE
kqct9fkn7pe9217afgbemdrz,WJ,female,Female,36,0,NA,0,1,NA,2,4,3,5,3,3,3,2,TRUE
aymbf1gl87rb01lzr4vzblgm,PJ,male,MALE,59,0,NA,0,1,NA,2,5,6,7,2,6,3,2,TRUE
ph83et5ume8rcjbn61ztm3g7,PJ,male,Male,45,0,NA,0,1,NA,2,6,4,6,4,4,2,4,TRUE
lxjz41fhec8i7ltb1mm497nr,PJ,female,Female,28,0,NA,0,1,NA,2,4,4,4,4,2,2,2,TRUE
3is67yuyu2if6ex4q9bwsfol,PJ,female,Female,32,0,NA,0,1,NA,2,3,6,7,4,3,3,2,TRUE
fbt3so0dq6j8zptya83jvfar,PJ,male,male,48,0,NA,0,1,NA,2,4,5,5,5,2,2,2,TRUE
o1nlooq3vszp9tp8jwwydktx,WJ,male,Male,28,0,NA,0,1,NA,1,4,NA,NA,7,7,7,7,TRUE
hxqc07x1e2ps6yugmh3rxgck,WJ,female,Female,27,0,NA,0,1,NA,1,4,5,5,3,5,5,5,TRUE
8cw02qmxuf8f66tp9ecytnfz,WJ,male,Male,40,0,NA,0,0,1,NA,4,4,4,4,4,4,4,TRUE
z73k8s92m35hmtcg8ykq0ldu,WJ,female,Female,45,0,NA,0,0,1,NA,4,4,3,2,3,4,2,TRUE
z82g4fuppaauqr5dvh2g8moa,WJ,male,Male,46,0,NA,0,0,1,NA,3,6,6,5,6,7,6,TRUE
8b48hklilqs9x1v0l1pejovv,WJ,male,male,49,0,NA,0,1,NA,3,4,3,4,2,5,5,5,TRUE
c3vw3gjjmyl7ery847ycc9kj,WJ,female,female,38,0,NA,0,0,1,NA,5,4,3,4,4,4,4,TRUE
conrzktabcseq6nfs61pb844,WJ,male,Male,37,0,NA,0,0,2,NA,7,2,4,NA,1,1,1,TRUE
2enstw8ukteqxirjmkmdp748,WJ,male,male,29,0,NA,0,0,1,NA,2,4,5,4,4,4,4,TRUE
9uartwka9m9lu7vbj4p2ppud,WJ,male,Male,50,0,NA,0,1,NA,1,1,4,4,4,4,4,4,TRUE
qpz7770qbi0qfumk9f4d0afc,WJ,male,male,50,0,NA,0,1,NA,1,2,2,2,2,7,7,7,TRUE
rhah6297o5edmnl78w5iczef,WJ,male,male,25,0,NA,0,0,1,NA,4,6,6,7,7,7,7,TRUE
sk74kt91b5ojhur7lgvnvqh3,WJ,male,Male,37,0,NA,0,1,NA,1,4,4,3,4,5,4,5,TRUE
xf70aupxfxzha7dlci76dxjj,WJ,female,Female,54,0,NA,0,1,NA,1,4,4,3,3,4,4,4,TRUE
2ffodmco7idvtd60wy8l3gef,WJ,female,Female,33,0,NA,0,1,NA,1,5,5,4,3,5,5,NA,TRUE
q7xida7cjobjogccrrx8h7ni,WJ,female,Female,50,1,Scottish,0,1,NA,1,4,3,2,2,3,5,5,FALSE
d6w1oxu5ebrjhwtludt1kvbl,WJ,male,Male,31,0,NA,0,1,NA,1,4,4,3,3,5,5,5,TRUE
a4c0qn63dpxu4si7o8z8p8d4,WJ,female,F,31,0,NA,0,0,3,NA,4,3,3,3,3,3,3,TRUE
yiweq1zsk8mxz7rwbjeyqxqx,WJ,female,female,25,0,NA,0,1,NA,1,4,3,2,2,4,4,4,TRUE
zb8g490eseadf74pekk6wt9h,WJ,female,female,48,0,NA,0,0,1,NA,3,4,5,2,4,4,4,TRUE
du16gc9okm4e7fpo8ehha3vn,WJ,female,Female,38,0,NA,0,0,1,NA,4,4,5,3,6,6,4,TRUE
3o0pw8194uv44nt792xivzrj,WJ,female,Female,64,0,NA,0,0,1,NA,1,4,3,3,4,6,6,TRUE
xn5tvzl3uag03cx1yzmyf7tr,WJ,female,Female,38,0,NA,0,1,NA,2,6,4,5,2,5,3,3,TRUE
mpczjwex7etumvpfaub1yn3t,WJ,female,Female,29,0,NA,0,1,NA,2,3,4,4,4,4,4,4,TRUE
xfgcd4nl5sak6grz51ysauc9,WJ,female,Female,47,0,NA,0,1,NA,1,2,1,1,1,4,5,5,TRUE
zgptb3kltssent7rjbula1ra,WJ,female,Female,27,0,NA,0,0,1,NA,2,4,4,2,4,4,3,TRUE
eom5utvaj60o7ayaiavt7hzz,WJ,female,female,40,0,NA,0,1,NA,1,4,7,2,2,4,7,7,TRUE
y2oz1sgsgbd333nxv9s71kdk,WJ,male,Male,53,0,NA,0,0,1,NA,6,2,2,2,4,4,4,TRUE
mtaol9a96pj61aef1dbjsfq8,WJ,male,MALE,30,0,NA,0,0,3,NA,2,5,4,2,6,4,4,TRUE
h298jh76yoz2ubj7lshyi3zd,WJ,female,Female,32,0,NA,0,0,3,NA,4,7,7,7,7,7,7,TRUE
r80x9tg6l7e2d4u9wwdxlmor,WJ,female,Female,45,0,NA,0,0,1,NA,3,4,4,4,4,4,4,TRUE
bmm41jqelz7hbkt98it047ea,WJ,female,Female,31,0,NA,0,0,1,NA,3,7,2,7,7,2,7,TRUE
zq1hs96ytusymgxdl9h4jggx,WJ,male,Male,29,0,NA,0,1,NA,1,2,6,7,4,6,4,4,TRUE
1rclq3c5z3lna5z861g8q0je,WJ,female,female,53,0,NA,0,1,NA,1,1,3,2,2,5,4,5,TRUE
qzvpur2dmd8gkct60yy25qf2,WJ,male,MALE,58,0,NA,0,0,1,NA,3,2,2,2,6,6,6,TRUE
5i9rwzh2vg7x9lxw1vzon86h,WJ,female,Female,33,0,NA,0,0,2,NA,4,7,7,7,7,7,7,TRUE
ku02xnzro8ek6r57kd851lg5,WJ,male,Male,29,0,NA,0,0,1,NA,1,4,2,2,4,4,5,TRUE
68xf9vkh0l03pxzvkucvls1o,WJ,female,Female,33,0,NA,0,0,1,NA,4,6,6,2,7,7,7,TRUE
2hh4kvc7dyu61418fbeyqp0g,WJ,female,Female,42,0,NA,0,1,NA,1,4,5,6,6,2,2,3,TRUE
jri1eafqtp4j1c0vfekuosoc,PJ,male,Male,52,0,NA,0,1,NA,2,5,5,5,5,3,3,3,TRUE
2swj37439v3podq7l45tji80,WJ,female,Female,52,0,NA,0,1,NA,1,4,6,4,2,6,6,2,TRUE
bm28xksv57ncqazjjukz5nji,WJ,female,Female,32,0,NA,0,1,NA,1,4,4,6,6,6,4,4,TRUE
1n7vdgg9jsux6y3mko7vcox1,WJ,female,Female,57,0,NA,0,1,NA,2,4,4,4,3,7,7,4,TRUE
9iimrybnz3xokotbwcu9tsgt,WJ,female,female,26,0,NA,0,0,1,NA,4,4,4,4,6,6,6,TRUE
784114dxjwn6tk4zggnk8puv,WJ,female,Female,52,0,NA,0,0,1,NA,2,4,4,4,6,6,6,TRUE
fo343w3kui3s51zal55t16c2,WJ,male,male,52,0,NA,0,1,NA,1,4,5,6,5,4,4,2,TRUE
wzpdvekic0dh3oxayv38x39n,WJ,female,Female,39,0,NA,0,0,1,NA,3,4,4,1,4,5,6,TRUE
jm6djmxw0de3w7jkbg3pqq5r,WJ,female,Female,34,0,NA,0,1,NA,2,4,3,3,3,3,3,3,TRUE
q7hy3jryoygse1qcqu7pzd1o,WJ,female,Female,29,0,NA,0,0,1,NA,4,4,4,2,4,4,4,TRUE
jv987qqmw3iqpeioyxod0aqi,WJ,male,male,46,0,NA,0,1,NA,1,6,4,5,3,3,5,4,TRUE
rofqrg3y4ag3yy0w2cei99ao,WJ,female,FEMALE,42,0,NA,0,1,NA,2,3,5,4,4,5,4,4,TRUE
27bj4e9nok2ce5q36g41azl7,WJ,female,Female,27,0,NA,0,1,NA,1,1,5,6,6,6,6,6,TRUE
lr5f2nk3wdkyfkd7tbtqqwgm,WJ,female,female,44,0,NA,0,0,1,NA,4,3,4,3,5,5,5,TRUE
25wbbrwa19b9y2481knxi54h,WJ,female,Female,35,0,NA,0,1,NA,1,4,7,7,6,6,5,6,TRUE
zugqh846puc5tdd9e6i4xb5j,WJ,male,Male,26,0,NA,0,1,NA,1,1,5,4,2,6,7,5,TRUE
0swt3flkyo82ardxpv5cqf9y,WJ,female,female,42,0,NA,0,1,NA,1,4,4,4,3,6,5,3,TRUE
2vvppuollp3z1nra4mz9g626,WJ,female,Female,55,0,NA,0,1,NA,1,2,5,4,3,6,7,3,TRUE
m71070dttqfslev3u2dpm4th,WJ,female,femal,52,1,british,0,1,NA,1,2,2,2,2,4,4,4,FALSE
bur7rmd9rxqqk938qqiwvegq,WJ,female,Female,26,0,NA,0,1,NA,1,2,2,2,2,4,5,5,TRUE
bic2rle7mpazwxqk3w472n7o,WJ,female,female,53,0,NA,0,0,1,NA,4,3,3,3,6,7,7,TRUE
ej20bvjyrjf0x0sepv7909va,WJ,male,Male,52,0,NA,0,0,1,NA,3,4,4,3,5,6,4,TRUE
k1ikk8omy8wf7q1kpmcynt1w,WJ,male,Male,53,0,NA,0,0,1,NA,1,4,3,2,4,7,6,TRUE
asmqxrkatzmh8fiwioxkdl4f,WJ,male,Male,29,0,NA,0,0,1,NA,3,2,4,2,6,6,6,TRUE
69oeg8ztsfbosou5a04efv3b,WJ,female,Female,32,0,NA,0,0,1,NA,4,6,7,4,7,7,4,TRUE
svg3ophk5rnhz61ae9xyhvsm,WJ,female,Female,55,0,NA,0,0,1,NA,4,6,6,6,6,6,6,TRUE
p46xvcsx8jtomz8ly30zdb1w,WJ,female,Female,28,0,NA,0,0,2,NA,3,7,5,5,7,5,5,TRUE
4634vnasnm7a4nqdf43icqjh,WJ,male,Male,35,0,NA,0,1,NA,2,2,5,5,6,3,3,2,TRUE
29kwdlrci5480dbhxm0px533,WJ,female,Female,33,0,NA,0,1,NA,1,2,4,4,2,4,4,5,TRUE
vilofwy20qfsk554zfwhybci,WJ,female,female,50,0,NA,0,1,NA,1,3,4,4,3,4,4,4,TRUE
unz4qcm40yvphj4i1bujd684,WJ,female,female,38,0,NA,0,1,NA,1,2,3,3,1,6,6,5,TRUE
clrddt7nflyyrirn2x4oh4k7,WJ,female,Female,29,0,NA,0,1,NA,1,3,4,4,4,4,4,4,TRUE
dlaridtiywru1at2mdp1zsml,WJ,male,male,36,0,NA,0,0,1,NA,4,4,4,3,5,4,4,TRUE
e7xmswtql2196vi7e8eh7aux,WJ,female,female,29,0,NA,0,1,NA,1,4,4,4,4,4,4,4,TRUE
ldmkonnokz787mi53c2bt0nw,WJ,female,female,34,0,NA,0,1,NA,1,1,4,5,2,7,7,7,TRUE
etpe4ut11sh7rbz3olu7bgak,WJ,female,Female,42,0,NA,0,1,NA,1,4,2,4,2,6,4,5,TRUE
uoq70iaedb0dn5t4v5824mq0,WJ,female,female,25,0,NA,0,0,1,NA,5,5,4,3,3,5,5,TRUE
osk4zv9si8wfuoegotoe0i9q,WJ,female,Female,48,0,NA,0,1,NA,1,6,5,3,3,5,5,3,TRUE
2z22ivxfdcy7nx0ivqjwl5ep,WJ,female,Female,46,0,NA,0,1,NA,3,2,4,5,4,4,5,4,TRUE
n8hwrc7m5yuy85hlu1nxc7kg,WJ,female,Female,31,0,NA,0,1,NA,3,4,4,4,4,4,4,4,TRUE
62fa4lbkivdhgzhp8tn0h18k,WJ,female,Femals,33,0,NA,0,0,2,NA,1,7,7,7,7,7,7,TRUE
cs5x07yrb4s7br3wtbx9bqnu,WJ,male,male,55,0,NA,0,0,1,NA,3,4,3,NA,4,5,4,TRUE
29s7h7yx52l7u87xmsgiiqlw,WJ,female,Female,27,0,NA,1,0,1,NA,1,4,5,1,6,6,4,TRUE
o4ymu4ehm1gr3mj0xatr31p4,WJ,male,Male,36,0,NA,0,0,3,NA,4,7,7,7,7,7,7,TRUE
ovqqpp6e3pdc7so41vm6bvun,WJ,female,Female,31,0,NA,0,1,NA,1,4,2,3,2,3,3,3,TRUE
zklxmca3dwxii66myp4quu2d,WJ,female,Female,30,0,NA,0,1,NA,1,4,6,6,6,6,4,4,TRUE
6bn0gv7gasamm7p3rgbyqrgj,WJ,female,Female,30,0,NA,0,1,NA,1,5,1,1,1,1,1,1,TRUE
hys5ibeex0kwc6d5gljgouuy,WJ,female,Female,43,0,NA,0,1,NA,1,1,1,1,1,1,5,5,TRUE
u97pm6id9p8x0qdh6nbad3rr,WJ,male,Male,35,0,NA,0,1,NA,1,3,4,4,3,4,4,5,TRUE
ogxvhjzzsv7bplil2qpqil3x,WJ,male,Male,51,0,NA,0,1,NA,1,2,2,4,3,4,4,5,TRUE
ebaklivqxcpdftbuv9arkcz8,WJ,female,Female,48,0,NA,0,0,1,NA,4,7,5,4,6,6,5,TRUE
ryx9j4eiphwu58mhxq285fdy,WJ,female,female,33,0,NA,0,0,1,NA,4,7,7,7,7,7,7,TRUE
qp4zrq48o98fsptbgm2hw931,WJ,male,Male,55,0,NA,0,0,2,NA,4,4,4,2,4,4,3,TRUE
la8xl4m06ghrv436bukzcrvf,WJ,female,female,35,0,NA,0,0,1,NA,3,4,4,4,4,4,4,TRUE
0a332phpeeq6tp7391d402ls,WJ,female,Female,27,0,NA,0,1,NA,1,5,2,1,2,4,4,4,TRUE
8sq926p9ht6c07i4mlkp2bja,WJ,female,FEMALE,38,0,NA,0,0,3,NA,4,4,4,4,4,4,4,TRUE
ppru4klupc5rxfb3puiw3kdv,WJ,female,Female,62,1,British,0,0,1,NA,6,3,4,3,5,5,6,FALSE
lr86tqzvxbmbc62mjdj54sgi,WJ,male,Male,44,0,NA,0,1,NA,2,4,3,2,3,4,4,3,TRUE
aua8cxotfdwrbmh9ysmfmwsc,WJ,male,Male,36,0,NA,0,1,NA,1,1,4,4,2,6,6,3,TRUE
sa4bhi5saej053yeltoa366j,WJ,female,Female,26,0,NA,0,1,NA,1,4,6,4,6,6,6,6,TRUE
c2ybif900d5v1nt3xc4v423q,WJ,female,Female,32,0,NA,0,0,1,NA,1,6,7,3,7,7,7,TRUE
1v1yfizqj1j7b0ppmercgnzc,WJ,female,Female,34,0,NA,0,0,1,NA,4,2,2,2,2,2,2,TRUE
r2pv2tuiegphirlkty7bjou2,WJ,female,Female,44,0,NA,0,0,1,NA,1,5,7,3,7,7,5,TRUE
5l0slq33c3470x285uvpwk0g,WJ,female,female,44,0,NA,0,0,1,NA,4,3,5,2,5,5,4,TRUE
i0ydxb5n5bnzua672pjpyk84,WJ,male,Male,45,0,NA,0,1,NA,2,2,3,4,1,3,3,3,TRUE
ixw1i7sc4e97ph8z85j3qchv,WJ,female,female,27,0,NA,0,0,1,NA,5,6,6,6,6,6,6,TRUE
u4r7uxo2amqzd75f9va07mqo,WJ,female,Female,30,0,NA,0,0,3,NA,2,4,4,4,4,4,4,TRUE
nc9czba3rgfv3g14pj9x4iti,WJ,female,female,39,0,NA,0,1,NA,1,4,4,3,4,4,5,5,TRUE
ic45f7gsdqrs7xflknush3tn,WJ,female,Female,50,0,NA,0,1,NA,1,4,1,2,2,2,2,3,TRUE
ppuii0y7ffx1qr9ctpfp1nsu,WJ,female,Female,44,0,NA,0,1,NA,1,4,2,1,1,6,6,6,TRUE
8ar7i9bruikrk54sn4qdmmc1,WJ,male,Male,29,0,NA,0,1,NA,2,4,3,4,4,3,4,4,TRUE
84ny316dr5fc9pm34hmbubjh,WJ,female,Female,43,0,NA,0,1,NA,1,2,4,4,2,4,4,5,TRUE
35bfe5ert0wvixfnuqp7k5j2,WJ,male,Male,41,0,NA,0,1,NA,1,3,4,3,3,6,7,4,TRUE
y7unzbkgyxang7trmahcdzvm,WJ,female,Female,47,0,NA,0,0,1,NA,4,6,5,4,6,5,4,TRUE
wst08koegu8isbbi4azo0jlm,WJ,male,male,57,0,NA,0,1,NA,1,2,2,2,2,7,7,7,TRUE
9haowqx654y68w7fkcz30hba,WJ,female,Female,30,0,NA,0,0,1,NA,4,4,5,3,4,5,3,TRUE
gmdihgjhzjifjjdonqkho0l1,WJ,male,Male,34,0,NA,0,1,NA,1,7,2,2,1,7,7,7,TRUE
k60mbck4hmdo2ypfh5qlcvz9,WJ,male,Male,50,0,NA,0,0,1,NA,3,1,2,1,6,7,5,TRUE
e45szmyja2x77j500t75qc7u,WJ,male,Male,28,0,NA,0,1,NA,2,2,2,2,2,2,5,2,TRUE
p6wwg7jszlq5lxocwyxmcfco,WJ,male,male,39,0,NA,0,1,NA,1,6,4,3,1,6,7,7,TRUE
2m5gy6oy6n64t0yi2pg0lf2m,WJ,female,Female,56,0,NA,0,1,NA,1,4,2,2,2,5,4,4,TRUE
o5pc9cgnhxpvyvu5xt9qcra4,WJ,male,Male,65,0,NA,0,0,1,NA,4,4,4,4,4,5,4,TRUE
6ix7m7ik8i1ml1lqs0yuaf9r,WJ,female,female,32,0,NA,0,1,NA,1,1,7,7,7,7,7,7,TRUE
8g3irbkfl81sdy92oz18ldj5,WJ,male,MALE,48,0,NA,0,0,1,NA,5,4,3,4,4,5,4,TRUE
3me3lij1cx6r8ytbttbd9vo6,WJ,male,Male,44,0,NA,0,0,1,NA,4,4,6,2,7,4,7,TRUE
6c7q7ru1plq96pgylb7hmdxb,WJ,female,Female,46,0,NA,0,1,NA,1,4,4,4,3,7,7,4,TRUE
cbzo6e17uo1641s02d787zyt,WJ,female,Female,55,0,NA,0,1,NA,1,6,7,3,3,6,4,3,TRUE
nz5zg821ad8zmt47lq2m0z91,WJ,female,Female,56,0,NA,0,0,1,NA,2,4,4,3,5,6,4,TRUE
3ia57gozrlt5tc8cnlajnq9w,WJ,female,Female,27,0,NA,0,1,NA,1,4,5,6,4,5,6,4,TRUE
o88da7uj8j6pdesdtid5hxtc,WJ,female,Female,47,0,NA,0,1,NA,2,4,4,4,4,4,4,4,TRUE
i0dlt7885ov9szfuoou80jao,WJ,female,Female,37,0,NA,0,1,NA,3,4,5,3,3,4,4,4,TRUE
2kjwcanafb9pueolozm2w1kg,WJ,male,Male,42,0,NA,0,0,1,NA,4,2,2,2,6,7,6,TRUE
q2ch8vh6f0cmdxpbery3mnwv,WJ,male,male,28,0,NA,0,0,1,NA,1,4,6,4,6,6,4,TRUE
bk26jeuym45fpz44zjtmx4pj,WJ,female,Female,36,0,NA,0,0,1,NA,1,4,4,4,7,7,7,TRUE
fs0f1z5bd8s2ks9n4bh6knbb,WJ,female,female,37,0,NA,0,0,2,NA,4,7,7,7,7,7,7,TRUE
0c9a197ev8xs38754mlg7n5n,WJ,female,Female,43,0,NA,0,1,NA,1,1,4,5,2,4,5,6,TRUE
vvp5cmygzpdth5k9v0r82vps,WJ,female,Female,28,0,NA,0,1,NA,1,4,2,4,3,3,4,4,TRUE
1n81bz8qzoirbslcsux2jeyp,WJ,male,Male,25,0,NA,0,0,1,NA,5,7,7,7,7,7,7,TRUE
41spj8s29tg5uoclrlx7239j,WJ,female,Female,61,0,NA,0,0,1,NA,4,4,4,4,4,4,4,TRUE
v9xypz8g5ymtlrm0qogsub7p,WJ,male,Male,44,0,NA,0,0,1,NA,6,1,1,1,4,4,3,TRUE
tk1bd0ck1z6tnvgzvb4d539x,WJ,male,Male,27,0,NA,0,0,1,NA,5,2,3,2,4,4,5,TRUE
w1ieaf2x60nwo1pcbzz1jvs0,WJ,female,Female,52,0,NA,0,1,NA,1,4,2,1,1,6,7,7,TRUE
0gljlyh2alem2lgqhwyl60py,WJ,male,Male,40,0,NA,0,1,NA,1,5,1,1,2,6,6,6,TRUE
2efsm2t5nx3zywladksr3d0s,WJ,female,Female,28,0,NA,0,1,NA,1,4,7,7,4,7,7,7,TRUE
fs66maq7beiyu2v46tv58jco,WJ,male,male,35,0,NA,0,0,1,NA,1,4,5,4,6,6,6,TRUE
45chokjh7wb6zhzbxr71b4ni,WJ,female,Female,28,0,NA,0,1,NA,2,6,4,4,2,4,3,3,TRUE
33svgmewzsfym9qzd2cxjyal,WJ,female,female,33,0,NA,0,1,NA,3,4,4,4,4,4,4,4,TRUE
khxalp7jfnf1436ledztao2a,WJ,female,female,64,0,NA,0,0,1,NA,3,4,5,4,4,5,4,TRUE
dhulsw0niw9y7vnoz9uxenev,WJ,female,Female,39,0,NA,0,1,NA,1,4,4,6,3,4,4,4,TRUE
jpnutdkl1td8lu4lvlioc26c,WJ,male,Male,36,0,NA,0,0,1,NA,1,2,2,2,5,5,5,TRUE
en339s4r742ayrnqtpvah8jv,WJ,female,Female,28,0,NA,0,1,NA,1,4,4,5,6,6,6,5,TRUE
33q4r17hv79gzt9eh2a1mxus,WJ,female,Female,28,0,NA,0,0,1,NA,2,4,4,2,4,4,6,TRUE
9beh11fzrx9wo8jpiqkfzk4d,WJ,male,Male,39,0,NA,0,1,NA,1,4,4,7,1,4,4,3,TRUE
y1qeabn7a41ukrdcwye19xc3,WJ,male,Male,51,0,NA,0,0,2,NA,3,5,5,4,4,4,4,TRUE
xssubv9lqg8rrfnikziqeoqg,WJ,female,Female only,30,0,NA,0,1,NA,3,3,3,4,1,5,7,4,TRUE
fibjr6c8ohegzodh0xkvk0wa,WJ,female,female,47,0,NA,0,0,1,NA,1,4,4,3,4,4,3,TRUE
boek2bjg7lvsc6azl0dwfhnq,WJ,female,Female,50,0,NA,0,1,NA,2,4,5,5,4,3,3,4,TRUE
y4yiw95jsin2k18qfs4rhf7x,WJ,female,female,35,0,NA,0,1,NA,1,3,5,5,5,4,3,4,TRUE
8disrgywgphx93rn9buz1pk3,WJ,female,female,44,0,NA,0,0,1,NA,2,2,2,2,7,7,7,TRUE
iiky40tpqx0brneuyzfbfmgv,WJ,male,Male,41,0,NA,0,1,NA,1,3,4,4,4,4,4,4,TRUE
0nv0b4k9qgm1wu078gsnjvte,WJ,female,Female,38,0,NA,0,1,NA,1,4,4,4,2,4,4,5,TRUE
6r2tzqsqc1wb1mr5fesqj0bg,WJ,female,female,63,0,NA,0,1,NA,1,4,6,6,2,6,6,6,TRUE
n39ydb35htny0rz9x4rdwse1,WJ,male,male,77,0,NA,0,0,3,NA,2,6,3,4,4,6,4,TRUE
8mwghyclxpbtree6a7bql2a5,WJ,female,female,27,0,NA,0,0,1,NA,2,2,3,2,2,3,3,TRUE
9n3fzk7kdi57vcvqsx5bd3jf,WJ,female,Female,43,0,NA,0,1,NA,1,3,4,4,2,7,7,4,TRUE
zh4upjha0yjqe9648mc44df5,WJ,female,female,29,0,NA,0,1,NA,1,4,4,4,4,4,4,4,TRUE
