id,sample,target,q6,q7,q8,q9,q10,q11_1,q11_2,q11_3,q11_4,q11_5,q11_6,q11_7,q11_8,q12_1,q12_2,q12_3,q12_4,q12_5,q12_6,q12_7,q12_8,attention_check,exclude
ggu6otun3unxppr3sv929rcc,WJ,PJ,3,1,1,1,1,4,2,7,7,6,1,2,5,5,5,5,7,6,6,2,5,People in professional jobs,FALSE
icrvromvum5k3pqbwr86qggu,WJ,WJ,5,6,6,5,1,3,2,6,6,2,2,7,7,3,2,6,4,3,3,6,3,Working class,FALSE
9haowqx654y68w7fkcz30hba,WJ,PJ,6,6,6,6,1,3,3,5,6,2,2,6,7,2,1,6,6,4,2,5,3,People in lower social status,TRUE
dhulsw0niw9y7vnoz9uxenev,WJ,PJ,7,4,4,4,1,4,4,4,6,4,4,4,4,3,3,4,2,4,2,4,2,People in professional jobs,FALSE
6qblo848b4g1mzixbgslw1x6,WJ,WJ,4,5,5,5,2,3,3,4,4,4,4,4,4,2,2,5,2,3,3,6,4,Working class,FALSE
7wom5vbwq9lsbl3yph327exc,WJ,PJ,7,3,3,3,1,4,3,5,5,5,5,5,5,2,1,5,3,4,3,7,3,Professional people,FALSE
yy2hcpw1sq8a2wtbqnzpkrec,WJ,WJ,7,7,7,7,2,3,2,6,6,3,3,6,7,2,2,5,3,4,1,6,3,Working class,FALSE
lnytc2roiv150cdd10t9d8l9,WJ,WJ,5,4,7,7,1,2,2,7,6,2,2,7,7,1,1,7,2,2,2,7,1,Working class,FALSE
o5pc9cgnhxpvyvu5xt9qcra4,WJ,WJ,6,1,6,6,2,6,5,5,7,5,6,6,6,3,2,5,4,5,5,6,4,Working class,FALSE
6ix7m7ik8i1ml1lqs0yuaf9r,WJ,WJ,7,7,7,7,3,1,1,7,7,1,1,7,7,1,1,7,5,2,1,7,1,working class people,FALSE
2efsm2t5nx3zywladksr3d0s,WJ,PJ,4,4,4,2,1,1,1,7,7,2,1,7,7,1,1,5,3,3,2,5,1,Normal people,TRUE
5viqvbrpd9u7b9bntvfmq12d,WJ,WJ,6,3,5,5,1,1,4,7,7,1,1,7,7,4,2,5,4,4,2,5,4,Working class people,FALSE
ersypyc5sm51dyqmqe5sm8ar,WJ,PJ,1,1,1,1,1,2,2,6,6,2,2,6,6,2,2,6,2,2,2,6,2,Professional people,FALSE
0m8o16cbbnj1phky7o1813fs,WJ,WJ,4,4,5,4,3,4,5,4,4,4,4,4,4,4,4,3,3,5,4,5,5,gorvernment,TRUE
yz2xha777tewxcumhuh1gdfp,WJ,WJ,6,4,5,6,1,4,3,5,4,2,3,5,6,3,4,5,3,3,3,5,3,People in working class jobs,FALSE
r16n275kt728hkhoufx2zmkh,WJ,PJ,7,3,6,6,1,4,3,4,7,4,2,7,7,2,3,6,5,5,2,5,3,Non Professionals,TRUE
bw89gy8gab3osrn778d8wjsl,WJ,PJ,7,7,7,7,1,2,2,6,6,3,3,3,5,1,1,7,1,1,1,7,1,workers,TRUE
5o2ntdzn5c0qz5yzwc0fhgmd,WJ,PJ,5,2,2,4,1,3,1,7,5,4,3,6,6,1,2,4,3,5,2,5,2,Professionals,FALSE
y8s0k0grm3zib3ojjj6o9md4,WJ,PJ,7,5,4,1,1,3,1,1,7,1,1,7,7,2,2,6,6,4,2,6,2,Professional,FALSE
ogxvhjzzsv7bplil2qpqil3x,WJ,PJ,6,4,5,4,3,3,2,6,6,2,2,6,6,4,2,4,4,3,6,5,3,Admin and professional people degree educated,FALSE
u97pm6id9p8x0qdh6nbad3rr,WJ,WJ,6,5,6,5,2,4,2,6,6,4,3,5,6,2,2,5,1,2,1,6,3,Working Class,FALSE
3o0pw8194uv44nt792xivzrj,WJ,WJ,7,4,7,4,1,1,1,7,7,1,1,7,7,5,5,3,5,5,3,5,3,Working class,FALSE
amgc2yuhr23q0uyh1tskbnv0,WJ,PJ,4,4,4,4,3,5,3,4,4,5,3,5,7,2,2,5,3,3,1,5,4,honestly cannot remember,TRUE
6bn0gv7gasamm7p3rgbyqrgj,WJ,PJ,5,4,4,3,3,4,4,4,4,4,4,4,4,4,4,4,4,3,4,5,4,People,TRUE
0xq7gbpyef661x9j66hexdps,WJ,WJ,7,7,7,6,1,4,2,6,7,4,3,6,7,3,1,4,4,4,3,5,3,working class,FALSE
r0casywegaua2af1ydyiwayw,WJ,WJ,7,7,7,7,1,5,1,7,7,1,1,7,7,3,3,6,3,5,2,6,3,the semi and unskilled workers and those with casual employment status,FALSE
0dz304t6bs836m2r0rr8yguv,WJ,WJ,2,3,5,5,1,1,1,5,6,5,5,3,6,5,6,1,3,6,3,2,2,People in unskilled or low skilled jobs that do not require a university degree,FALSE
cxabijw8y426gv70mlny6kgs,WJ,PJ,4,1,1,1,1,2,1,3,7,6,1,1,7,3,1,7,4,5,3,7,3,PROFFESIONAL PEOPLE,FALSE
atq3m8iroda104q6uu6ksp2e,WJ,PJ,5,5,4,5,1,5,4,5,6,4,5,4,5,3,4,4,5,5,3,5,3,managers,FALSE
69oeg8ztsfbosou5a04efv3b,WJ,PJ,6,5,7,7,1,4,1,7,7,6,5,6,6,5,5,3,3,4,2,5,3,non professional workers,TRUE
mmmybx6ebd72jojbjz032dk4,WJ,WJ,7,7,7,7,1,4,4,7,7,4,3,6,7,3,2,6,7,4,4,5,4,Working class,FALSE
9uartwka9m9lu7vbj4p2ppud,WJ,PJ,6,6,6,7,3,4,6,7,4,3,4,5,5,2,1,7,2,2,1,7,1,cannot remember,TRUE
5aunmf6why7i78iwcb2rdnu0,WJ,PJ,4,2,4,4,1,5,5,3,3,5,4,5,5,2,2,5,4,5,2,5,3,Professionals,FALSE
3me3lij1cx6r8ytbttbd9vo6,WJ,WJ,7,7,6,7,3,2,2,7,6,7,4,5,6,2,1,5,6,4,1,7,3,Working class people,FALSE
7fp7obsyu057vlsjrlxtda7a,WJ,WJ,7,6,7,7,2,1,1,6,7,2,3,6,7,1,2,6,3,2,1,7,1,People in working class jobs,FALSE
zh4upjha0yjqe9648mc44df5,WJ,PJ,4,4,4,4,1,6,6,5,6,6,4,6,6,1,1,6,1,3,2,7,2,basic everyday people,TRUE
3j028hvzemin375o0iue2mzd,WJ,WJ,7,7,7,3,1,5,7,2,2,4,5,4,4,1,1,7,1,3,1,7,1,Working class people,FALSE
az521hwig16gyvkpsohh7ilr,WJ,PJ,5,5,6,4,1,4,4,6,6,6,4,5,6,3,3,4,5,5,4,5,4,public,TRUE
is930aysloz7rh6z4micu6fc,WJ,WJ,7,1,7,7,1,1,1,7,7,3,3,6,7,2,2,7,2,2,2,5,5,Working class people,FALSE
kuh4rbwwwi93p0n15whxsxjv,WJ,WJ,7,7,7,7,1,7,7,7,7,7,7,7,7,1,1,1,1,1,1,7,1,Working class people,FALSE
f10midl68qk3g62tthu1c2mh,WJ,WJ,7,7,7,7,3,1,1,7,7,4,1,7,7,1,1,7,1,1,1,7,1,The working class,FALSE
fxbzesvk1uawj92y6r61rtrf,WJ,PJ,5,3,2,1,1,4,4,2,6,5,5,5,7,2,3,6,6,3,2,6,2,Mangers and people with university degrees,FALSE
3vt0eh754kfkjtauok3kjnvw,WJ,WJ,6,4,7,7,1,5,3,5,1,5,3,6,7,3,2,5,2,4,3,6,3,working class people,FALSE
0c9a197ev8xs38754mlg7n5n,WJ,WJ,7,7,7,7,1,4,1,7,7,1,1,7,7,1,1,6,3,3,2,5,2,Working Class,FALSE
hhaywx39np4bmb7xg8dpgm2a,WJ,PJ,7,3,5,5,1,6,5,7,6,7,6,6,7,2,3,5,3,1,2,6,1,white collar workers with degrees,FALSE
v863jgpaz4t01mpwge4x3dae,WJ,WJ,4,5,4,4,3,5,4,3,5,5,6,4,6,4,4,4,4,4,5,4,5,Working class,FALSE
6mtla3baave40v3awt2upt7x,WJ,PJ,5,4,5,5,2,1,1,1,7,1,1,7,7,1,1,7,1,1,1,7,1,Low income housholds,TRUE
rifxjqularfz6txu52otezg3,WJ,WJ,5,3,3,3,3,2,1,7,7,4,1,7,7,4,3,4,5,4,5,5,3,Lower class workers,FALSE
1rclq3c5z3lna5z861g8q0je,WJ,WJ,7,7,7,7,2,1,1,1,7,1,1,7,7,1,1,6,3,2,1,7,1,low skilled people,FALSE
l8da1hl8j0f2v7vu32kc7xnw,WJ,WJ,6,2,4,4,1,3,1,7,4,5,5,5,7,2,1,5,2,3,2,6,2,Working class,FALSE
f3007o134iqizfgearswmdja,WJ,PJ,6,1,1,1,1,1,1,7,7,1,1,7,7,1,1,6,4,1,1,7,1,People in professional jobs,FALSE
04p3z4iia9v1fvx1ubvjbnfe,WJ,PJ,6,4,5,6,1,5,4,2,6,6,5,4,5,5,3,5,4,5,5,4,4,Employed people,TRUE
dnodge9k9v46k8wqmb9yhu3p,WJ,WJ,5,5,5,4,2,4,4,4,4,4,4,4,4,5,5,4,6,5,4,4,4,graduates,TRUE
u038h20fuvaa5o65w7cb48kc,WJ,WJ,7,7,7,7,1,5,5,5,6,2,2,6,6,2,1,7,5,4,1,7,1,the ordinary working class people,FALSE
dd0r3lfouq9v4uxeees9lgvz,WJ,PJ,4,3,4,5,3,2,1,6,7,1,1,7,7,2,4,3,6,5,2,3,2,NA,TRUE
p8c4ybb3tpz6cgyz7ndwir92,WJ,WJ,7,7,7,7,1,3,1,6,7,2,2,7,7,2,2,7,3,3,1,6,1,Working class people,FALSE
mytsx2i714n58n5ott3h766o,WJ,WJ,7,6,7,7,1,3,1,2,7,4,3,6,7,3,2,5,5,4,2,6,3,Working class,FALSE
khxalp7jfnf1436ledztao2a,WJ,WJ,7,6,6,6,3,1,1,6,7,2,1,6,6,1,1,5,1,1,1,7,1,Working classes,FALSE
8vd4i214cs39k6pcjuoj9lck,WJ,PJ,5,4,3,3,1,4,5,4,3,3,3,3,2,4,2,5,3,3,2,6,1,Society,TRUE
cs5x07yrb4s7br3wtbx9bqnu,WJ,PJ,7,1,1,7,1,1,1,1,7,1,1,7,7,2,2,7,4,5,2,5,1,professional people,FALSE
bur7rmd9rxqqk938qqiwvegq,WJ,PJ,7,7,7,7,3,5,1,4,7,2,1,7,7,4,6,6,4,5,7,6,2,Professionals,FALSE
y69c613so1ddspgbimi46e6d,WJ,PJ,4,5,4,4,1,2,1,7,7,2,2,7,7,3,3,4,4,4,3,5,4,Managers white collar workers,FALSE
qslqlb1x2ocmcqap550vd4cd,WJ,PJ,7,2,2,4,1,1,1,7,7,1,1,7,7,3,3,5,4,3,2,5,2,Professional people whose job usually requires a university degree,FALSE
aj7s6726dvo9eqlu042hlxo2,WJ,WJ,6,6,7,6,1,4,1,4,6,2,2,6,6,3,3,4,2,5,4,3,4,people who have working class jobs,FALSE
k18gmolhgba81y4hmhxrdwpx,WJ,WJ,6,7,6,7,2,5,1,5,7,3,3,6,6,5,2,5,5,5,3,6,3,the working class,FALSE
iiky40tpqx0brneuyzfbfmgv,WJ,WJ,5,5,5,5,1,3,1,6,7,2,2,6,6,2,3,5,3,3,3,3,4,WORKING CLASS,FALSE
in6088mt9a64c52mafux4j8u,WJ,PJ,7,7,7,5,2,1,1,1,7,1,1,1,7,3,1,7,4,2,1,6,2,people with degrees,FALSE
5pw5nb7tbdqf1q5b3i3pn1mo,WJ,PJ,6,1,5,3,2,1,1,7,7,2,1,7,7,1,2,6,6,3,1,6,1,professional workers,FALSE
kpoy91shmpp8o7ogdhvcv5wb,WJ,WJ,5,6,7,7,1,5,1,4,7,3,3,6,7,5,5,3,2,4,5,4,5,Unskilled manual workers,FALSE
6qyu9bavh8l9rk0hv45w5i0w,WJ,WJ,5,5,5,4,1,4,4,5,7,4,4,5,7,4,4,4,4,4,4,4,4,Working class,FALSE
y2oz1sgsgbd333nxv9s71kdk,WJ,PJ,6,2,2,4,2,7,1,7,7,1,1,6,7,7,6,1,7,6,6,2,6,Proffesional people or people who usually need a degree to work,FALSE
yj4qxbxcpzr9ej4wb7g8lbkp,WJ,WJ,6,4,5,5,1,5,4,7,6,7,5,4,7,3,1,6,4,4,4,4,1,working class unskilled and semiskilled,FALSE
8dgmwm5g5ha6pkz8r48smbfg,WJ,PJ,7,5,5,6,2,2,1,5,7,4,3,5,5,1,1,7,3,1,1,7,2,workers,TRUE
x16l4h49lu11frctxjp1cs4s,WJ,WJ,7,6,6,7,3,3,3,5,7,2,1,5,7,2,1,6,2,5,2,6,2,working class people,FALSE
jpnutdkl1td8lu4lvlioc26c,WJ,PJ,7,5,7,7,4,1,1,7,7,1,1,7,7,1,1,7,1,2,1,4,1,Professionals,FALSE
0h5qu5s4hzmq5ss4m8e2zjc1,WJ,PJ,6,4,6,6,3,4,4,4,4,4,4,4,4,4,4,4,3,4,4,4,4,Eu citizens,TRUE
lqc9dibptrbxgi6w23wjwoyq,WJ,WJ,7,7,7,7,3,4,4,7,7,7,6,7,7,2,1,7,5,2,2,7,5,Working class,FALSE
h0exb59upsvw9i53r5pgti7x,WJ,PJ,7,7,7,7,1,2,6,7,2,7,7,6,6,1,1,7,1,1,1,7,1,Those in professional occupations that require a degree,FALSE
6nhd6ycirru5a1w7l7nefgm9,WJ,WJ,3,6,7,5,1,6,7,2,1,7,6,3,5,2,1,6,1,2,2,5,2,Working class people in unskilled menial jobs,FALSE
1v1yfizqj1j7b0ppmercgnzc,WJ,PJ,4,4,4,5,3,4,4,4,4,5,4,4,5,5,5,5,5,5,5,5,5,Everyone,TRUE
kohz1awvoix0b7tb51oxui81,WJ,PJ,2,2,2,3,1,7,7,1,1,7,7,1,1,5,5,2,5,5,6,2,6,Administrators and managers,FALSE
d70xraea1klmlvnz9y1i8nb7,WJ,PJ,5,3,4,2,1,4,1,6,7,4,4,4,7,2,3,5,3,5,1,5,4,Adults,TRUE
zwy4a8woic12u3ghvuyu3sw5,WJ,WJ,5,6,6,6,1,2,3,6,6,2,3,5,7,3,3,4,3,4,2,4,3,Working class people,FALSE
emszk3jm1c8p1gcgflesm966,WJ,WJ,5,2,3,5,1,5,5,5,4,4,3,4,5,5,5,4,3,3,3,3,5,Working class,FALSE
xoix429hu131q5m07rbl4sck,WJ,WJ,4,4,4,5,1,4,3,6,6,4,3,5,6,3,5,3,4,4,5,4,5,working class,FALSE
rqnua3zxoyao2tqef3tg5kit,WJ,PJ,4,4,4,2,3,2,1,7,7,1,1,7,7,2,1,7,1,2,1,5,1,the mentioned bill didnt display properly so cant answer this,TRUE
oa5oixc57jqmj44tk0cf91ju,WJ,WJ,6,3,4,4,1,5,2,7,5,2,2,5,6,2,2,6,4,4,3,5,3,Working class workers,FALSE
7yefwkp799ob0wd84c0kabsz,WJ,PJ,6,4,4,4,2,4,5,7,6,2,1,7,7,2,2,6,1,2,3,6,4,Professionals,FALSE
03arxj1hkreuqy5vlg9f50so,WJ,PJ,7,1,2,3,2,1,1,7,7,1,1,7,7,2,3,6,1,2,2,6,1,Professionals,FALSE
rhah6297o5edmnl78w5iczef,WJ,WJ,4,1,1,4,1,2,1,6,6,6,3,5,6,3,3,6,1,4,3,6,2,Working class low skilled manual labourers lower class citizens,FALSE
c30xqymnkxpmf2iabp256qaj,WJ,WJ,7,4,7,6,2,1,1,7,7,1,1,7,7,1,1,6,1,3,1,7,1,the working class,FALSE
nhslewbkhy0r5t72gmtwzm4h,WJ,WJ,4,5,5,6,1,2,2,1,7,1,1,6,6,1,2,7,2,1,1,5,1,Working class people,FALSE
ztic2ydirdck0pbfs7web82n,WJ,WJ,7,7,7,7,2,2,1,7,7,1,1,7,7,5,5,2,7,6,5,2,6,WORKING CLASS,FALSE
i2fqta34zmxbgefyxju9od1q,WJ,PJ,6,1,1,4,1,5,1,2,7,4,3,6,7,5,5,3,6,6,2,5,2,Professionals with a university degree,FALSE
6s6mkags59lh3ura7d7rc14p,WJ,WJ,5,5,6,6,1,4,2,6,6,6,6,6,7,2,2,6,3,4,1,6,2,Working class,FALSE
e6g4xgw31towwhj3cm6uv6vx,WJ,PJ,7,4,2,7,1,2,1,7,7,1,1,7,7,2,5,5,6,6,3,3,3,professional people,FALSE
7y1p39ustp4ymd2lddlvtl5j,WJ,WJ,7,7,7,7,2,1,1,7,7,1,1,7,7,1,1,7,1,1,1,7,1,Working class,FALSE
w506siiqaktmkwa2v1966myz,WJ,PJ,7,1,4,4,1,3,3,5,7,5,5,6,7,5,3,2,7,5,3,3,3,People in management admin etc mainly jobs where you required a degree,FALSE
d0u8bcl33rt6ssyxqfyhlckb,WJ,PJ,7,5,7,5,3,4,3,6,7,6,3,6,6,2,2,5,2,3,2,6,3,Basically no job security to professionals,FALSE
jn82nf5ruobm4evqfbp6trqv,WJ,WJ,6,4,4,6,1,1,1,7,7,6,2,7,7,4,2,3,4,3,3,5,3,Working class,FALSE
hclzv5vyjngajhct2fu8apao,WJ,PJ,7,1,1,4,1,1,1,7,7,4,1,7,7,1,1,7,3,5,1,7,1,professional people,FALSE
wcy6awmdkh5gy7i9emphw522,WJ,WJ,7,7,7,7,2,1,1,7,7,7,1,7,7,2,2,6,6,3,2,5,5,unskilled workers,FALSE
s3r3242cjkou2yfsdp6m5q3m,WJ,WJ,7,7,7,7,1,4,5,3,7,5,2,6,6,1,1,7,1,3,2,7,1,working class people,FALSE
2swj37439v3podq7l45tji80,WJ,WJ,7,7,7,7,1,6,4,4,7,4,5,7,7,2,3,5,3,4,3,6,3,Working class,FALSE
9kh7zv6182kdure7z6ixs2dd,WJ,PJ,7,4,7,6,1,1,1,4,7,7,4,7,7,4,3,6,4,4,5,5,4,Proffessional people,FALSE
5oik72elrohobkaruesc3s0r,WJ,PJ,6,4,4,3,2,5,4,7,5,5,5,4,6,3,5,4,3,3,6,5,4,managerial,FALSE
01mnk09t6dk96rndvy709xla,WJ,WJ,5,7,7,7,1,3,3,7,7,4,7,7,7,3,3,6,3,4,7,4,3,Working class with no qualifications needed for jobs,FALSE
ryx9j4eiphwu58mhxq285fdy,WJ,PJ,7,1,1,2,1,6,6,1,3,1,7,3,6,1,1,5,1,1,7,7,4,professional people,FALSE
k1ikk8omy8wf7q1kpmcynt1w,WJ,WJ,6,6,6,6,4,4,1,7,7,6,2,5,7,2,3,6,4,4,2,6,4,People in working class jobs,FALSE
0h0atv9od3eqolnx4f29zwiz,WJ,PJ,5,1,2,5,1,1,1,7,7,1,1,7,7,2,2,6,4,3,1,4,2,Staff who had degrees and work in professional jobs,FALSE
g7y2nxwwstv5751e30spqhg0,WJ,WJ,5,6,6,4,3,4,1,7,7,4,4,5,6,2,3,5,2,2,2,6,2,NA,TRUE
f2c0xmfmh0kjpjyvrleit290,WJ,PJ,6,4,3,5,2,4,2,6,7,2,4,6,7,2,3,5,5,5,1,5,1,professionals,FALSE
akomkj75ve5cm46ucd4zlw1k,WJ,PJ,6,3,4,6,1,2,1,5,5,2,1,7,7,6,3,3,5,5,6,5,5,mainly business professionals,FALSE
ambr24k9d766cjs6ssuv29dz,WJ,WJ,6,1,6,7,1,4,1,7,7,2,1,7,7,4,3,5,5,4,3,5,4,working class people,FALSE
l4wiefl54j99txftyto9lp9d,WJ,WJ,7,7,7,7,1,2,1,7,7,2,2,7,7,2,2,6,1,3,1,7,2,working class,FALSE
784114dxjwn6tk4zggnk8puv,WJ,WJ,6,2,5,6,2,2,1,7,7,4,4,7,7,1,1,6,2,4,2,6,2,Working class,FALSE
ej20bvjyrjf0x0sepv7909va,WJ,WJ,7,7,7,7,1,5,2,7,3,6,5,6,6,3,1,6,4,3,2,4,3,Working class,FALSE
84ny316dr5fc9pm34hmbubjh,WJ,PJ,6,2,6,5,2,1,1,7,7,2,1,7,7,3,2,6,4,3,1,5,2,Professionals,FALSE
5d9ewh8sefjg7fzlbv381fi1,WJ,WJ,7,7,7,7,2,2,1,7,6,2,1,7,7,2,3,5,5,4,3,4,2,Working class people,FALSE
5yspwskt1lfzaciuibqbyvfh,WJ,PJ,4,4,4,4,1,5,4,5,5,4,5,4,5,4,4,6,3,4,4,5,3,unsure,TRUE
dh1m4zmutq7ya23pjrgihhjg,WJ,PJ,4,2,2,2,1,2,1,5,5,6,1,6,6,2,2,6,1,3,3,5,3,Professionals,FALSE
l376mp5u7bmma8klqlmaqkpa,WJ,WJ,6,7,6,7,1,3,1,6,7,3,4,5,6,3,2,6,1,5,5,6,4,Working class,FALSE
n7x2xphbf3j5t8ckg2uc80au,PJ,WJ,5,3,3,4,1,3,5,5,5,5,5,5,6,5,3,3,5,5,6,6,5,Working class,FALSE
ljrzy9miw68hfgu1qgp1hlua,PJ,WJ,7,1,1,2,1,3,1,6,7,2,4,7,7,2,3,4,6,6,5,4,2,Working class people,FALSE
jhr42zwo9pjlejz3octdykvy,PJ,WJ,6,3,2,5,1,4,1,5,7,2,2,6,7,2,2,6,3,3,5,2,1,Working class,FALSE
doayjdk946gu2ftxtypfw78j,WJ,PJ,5,2,3,4,1,2,2,6,6,2,2,7,7,1,5,6,3,4,2,6,4,Professional Workers,FALSE
w8dndur2f5y8a1s0axt8t9v0,PJ,PJ,7,7,7,6,2,1,1,6,7,1,6,6,6,2,2,6,3,3,2,5,2,people in professional jobs,FALSE
anunirj8ntbbdxdirklv3qh7,PJ,WJ,7,1,1,3,1,4,1,1,7,4,2,6,6,1,1,5,2,4,3,5,2,Working class,FALSE
5z0zz3zu5740bfkalyd0ttva,WJ,WJ,7,5,7,6,2,2,2,7,7,3,2,6,7,1,1,6,5,5,1,6,2,Working class,FALSE
35fpinj2apsjjtywy7dl0rwm,PJ,WJ,7,7,7,7,5,5,5,5,5,4,4,4,4,3,2,5,1,4,3,3,3,NA,TRUE
o4fzlbnroowroqtqnd0r1875,PJ,PJ,6,5,5,5,2,3,1,6,6,7,2,6,6,3,2,6,4,3,1,5,1,Professionals,FALSE
bk26jeuym45fpz44zjtmx4pj,WJ,WJ,7,4,7,7,1,1,1,7,7,1,1,7,7,1,1,7,1,1,1,7,1,working class,FALSE
zewfscrk674s7i5f8d2pugqh,PJ,PJ,4,2,4,3,1,5,4,4,3,5,6,5,5,5,5,1,7,5,5,1,5,the bottom half of society were most affected in terms of discriminatory action,TRUE
61hazc88z1trjfzh3kt9krhc,PJ,WJ,7,3,6,6,3,1,1,7,7,1,1,7,7,1,2,7,1,2,1,6,1,Working class people without degrees,FALSE
3zahqylek9jmda2awkp5i83m,PJ,WJ,5,2,2,2,1,4,2,5,7,3,2,6,6,3,2,5,1,5,2,5,5,Working class,FALSE
969z9ol0ili3cyytx396k7gd,PJ,PJ,7,3,7,7,3,3,4,5,6,2,2,7,7,3,2,6,2,2,1,6,4,Professional workers,FALSE
dvaw95ccohtdsxxney2p7pv3,PJ,PJ,7,6,7,6,3,2,1,7,6,4,2,7,7,2,2,7,2,1,2,6,2,Professional people people who gave studied and ha a degree,FALSE
rf8yzofh31m0hpc2bhomimt6,PJ,WJ,6,3,6,6,3,1,1,7,7,2,2,6,7,5,5,4,4,4,2,4,3,Working class workers,FALSE
c58fbf3ix03la0nstdskokuc,PJ,PJ,7,7,7,7,3,3,1,6,6,2,2,6,6,2,2,5,2,6,3,5,2,Professionals,FALSE
xjabzdggbdr7ao7thf7yslpu,PJ,PJ,5,6,5,5,2,1,1,7,1,4,1,7,7,3,2,6,4,2,2,3,1,professional,FALSE
m4ctcgl0uwxyor0dw7zgvboa,PJ,WJ,5,6,5,4,1,6,1,4,6,5,4,5,7,4,5,2,7,6,5,3,3,Working classes,FALSE
1kr717lzbojlr1a6ozfjxmxf,PJ,PJ,4,4,4,4,2,4,5,3,4,3,5,3,3,3,3,5,1,2,1,5,1,Unsure,TRUE
8qwz787zvk69n21v6lwc31z7,PJ,PJ,5,2,3,5,4,5,5,7,6,1,1,7,7,3,2,5,5,5,3,3,6,People in employment   In the context of this survey professionals,FALSE
nvpitf5r8pel3pdh1wpdv5lg,PJ,WJ,6,5,5,6,1,7,7,3,2,7,7,2,1,6,6,2,5,3,5,4,5,Working class,FALSE
bxin8bu5w0uz96004slvnd2w,PJ,WJ,5,6,6,5,1,5,2,4,6,7,6,5,6,5,5,4,7,6,7,3,3,Working Class,FALSE
ri2plra2d7y2j1uojrv578gr,PJ,PJ,4,4,4,4,1,4,4,4,4,4,5,3,4,3,4,5,3,4,6,4,3,Poor,TRUE
2fb7qsg10csy9ywy7y4d73xe,PJ,WJ,6,2,3,3,2,3,1,6,6,5,3,6,5,2,2,5,6,5,5,4,3,Working class no degree,FALSE
pup65mby22cgxgrdrp276vpr,PJ,WJ,7,2,2,7,2,1,1,7,7,1,1,7,7,2,2,6,2,2,2,2,1,people who work in working class jobs ie jobs not requiring a degree manual semi skilled casual etc,FALSE
lnyv6d7j0s8lwxt1d4hcy5qc,PJ,PJ,4,3,5,6,1,5,5,5,4,7,7,1,5,5,5,1,3,6,6,1,4,Professionals and administrators,FALSE
sumnfvsjdh9954a4cui1eada,WJ,PJ,6,4,6,6,1,2,1,7,6,2,1,5,7,3,2,3,1,6,7,6,2,Not sure,TRUE
a18qmgvyplphbnw6nyhy3hs3,PJ,WJ,6,3,2,6,2,1,1,7,7,2,1,7,7,3,3,6,6,3,1,6,1,Manual workers,FALSE
4dqzik93qlvkp2zxebvj78sg,PJ,WJ,5,2,1,4,1,5,6,3,2,7,7,5,5,1,2,6,3,1,1,6,1,People in relatively unskilled jobs that typically do not require a degree,FALSE
49ajy6kfpc7yq8u7fxu6dc0k,PJ,PJ,7,7,7,7,1,2,1,7,7,1,1,7,7,2,2,5,3,3,3,4,2,People in professional jobs,FALSE
j74z73jm13kmvmooqil0sf2j,PJ,WJ,2,1,1,6,3,4,2,4,6,5,3,2,6,5,2,2,3,2,5,2,2,people in working class jobs,FALSE
a66bm9jj8a6as2r6enus8113,PJ,PJ,6,6,5,6,1,4,3,5,6,4,3,5,6,6,5,3,4,5,5,4,5,professional people,FALSE
72x9qpw1x7yhe8xh4rijgpqr,PJ,PJ,6,6,6,7,2,2,1,6,6,4,3,5,7,5,5,1,4,5,5,2,4,Professionals,FALSE
ae7uvma0sv8f9gbfzoxj3itl,PJ,WJ,5,2,3,4,1,1,1,7,7,2,1,7,7,2,5,4,2,4,3,4,2,The working class,FALSE
1pvwcrdgnz1zojsgqwzk4yp0,PJ,PJ,7,7,7,7,2,5,2,4,6,3,2,6,7,2,5,5,6,6,5,6,3,Professional workers mostly people with degrees,FALSE
bwziwra7hnt0rvdl4y7qxxfh,PJ,PJ,5,7,7,7,1,2,2,7,6,3,3,5,6,2,3,5,3,3,2,4,3,People in professional jobs eg administrative or managerial requiring a degree,FALSE
2faoa5j153nrmbokzg1f3ani,PJ,WJ,5,3,2,5,3,1,1,1,7,2,6,7,7,1,2,7,3,3,1,6,1,People with working class jobs,FALSE
zeawmp270miao4jf6ya7z0dt,PJ,WJ,5,2,2,2,2,3,1,5,7,5,2,6,6,2,2,4,1,2,1,4,3,Working class workers,FALSE
i4ecj4k2mbtmhi8lbulavgsj,PJ,PJ,7,4,6,5,1,1,1,7,7,1,1,7,7,2,4,5,5,3,2,2,4,People in professional jobs,FALSE
kolgi3xrekhyptpgniqkm86l,PJ,WJ,6,7,7,7,3,2,2,6,7,4,1,6,7,2,2,6,3,3,6,5,4,middle class,TRUE
phsklrlhthqq98s7h1gw8nme,PJ,WJ,5,4,4,5,2,5,5,4,4,5,3,5,6,3,3,4,3,3,2,4,4,Working class,FALSE
lszp97dcg5lfgsq6htem506v,PJ,PJ,5,5,5,6,2,6,5,6,4,6,6,4,4,6,6,2,4,6,3,2,6,Those in professional and managerial occupations,FALSE
fbt3so0dq6j8zptya83jvfar,PJ,PJ,5,4,5,6,2,5,3,6,3,3,3,5,5,3,5,3,6,5,5,3,5,professional people,FALSE
pdjz8juu169o4kpheyh3nhus,PJ,PJ,6,6,6,6,1,5,3,6,6,3,3,5,6,3,2,5,2,3,2,3,3,Proffesionals,FALSE
ul87aslj7fkvwvlbsfp2rk12,PJ,WJ,5,3,3,3,1,5,2,4,6,5,4,5,5,4,4,5,4,5,3,4,5,working class workers    that is   people with no qualifications,FALSE
8er4g7yd1hbme899udltk5c5,PJ,PJ,7,7,7,7,4,2,1,7,7,1,7,7,7,2,1,5,5,6,7,5,1,Professional people,FALSE
lhmkgjb8myeqgbfbrcf5s0pm,PJ,WJ,5,2,2,3,3,1,4,2,4,7,2,6,6,2,2,5,2,5,2,4,4,Working class workers  skilled semi skilled and unskilled,FALSE
solvt27suuccx3lmlifk063x,PJ,WJ,5,2,3,6,1,2,1,7,6,2,2,6,7,5,2,4,5,5,2,4,3,Working class people,FALSE
t5wpn2oreb6v97fi9ehrh1jy,PJ,PJ,7,7,7,7,2,6,1,7,7,1,2,7,7,2,2,5,5,4,5,4,3,Professionals,FALSE
rlh2no5dwjbmcucwgderkkfb,PJ,PJ,6,5,5,7,3,4,4,6,5,3,3,5,5,3,3,4,5,4,3,4,3,professionals,FALSE
uxulbst95g3xgrx9b195mqw9,PJ,PJ,7,7,7,7,1,5,1,2,6,2,2,5,7,5,4,2,5,5,5,5,3,Professionals,FALSE
icqcod87lo0v81smvfzkmvlg,PJ,PJ,1,1,4,6,1,5,6,7,7,2,2,6,6,1,1,7,2,5,7,7,7,professional,FALSE
gh4l54nqij3i2or25lep4ps8,PJ,WJ,5,1,1,1,1,5,5,4,3,3,2,7,7,5,5,3,5,3,5,3,3,working class people,FALSE
as5cq7es30whl80p9n0tdyvr,PJ,PJ,7,7,2,7,2,1,1,7,7,1,1,7,7,1,1,7,2,4,1,4,1,Professionals,FALSE
rc6owyfx37obshlj5dsnzatv,PJ,WJ,6,2,2,4,2,2,1,6,6,3,3,6,7,4,4,5,3,4,4,4,3,Working class,FALSE
eoq35sn1s4uvom85bzv2h65h,PJ,PJ,6,6,6,6,3,6,1,6,7,2,5,7,7,2,1,7,1,3,2,7,2,professionals,FALSE
r4egqx1cxivb1ek4mk9wvuu3,PJ,WJ,5,2,2,4,2,2,1,1,7,5,4,5,6,2,3,5,5,5,3,5,1,Working class people,FALSE
oyx1g3ahack1sxp6i7bj67e8,PJ,WJ,5,5,5,5,4,3,7,5,3,6,7,5,7,2,1,6,2,4,4,6,4,people in working class jobs,FALSE
da7bbl99f9piev1rizjzifwr,PJ,WJ,6,2,2,2,1,6,3,1,2,2,5,7,7,2,1,6,2,5,7,5,7,Working class people,FALSE
ncgi4hx7skdvgn3agwez79yw,PJ,PJ,7,7,7,7,1,5,5,3,7,7,3,7,7,2,1,7,5,2,4,7,3,Professionals,FALSE
a13ppb3j6201l9bafrs5dbky,PJ,PJ,6,7,7,7,2,3,1,6,6,4,2,5,7,3,6,1,5,5,5,2,5,professionals,FALSE
y87yrsmoplvtblrlf5jpudbe,PJ,WJ,6,2,3,4,2,2,1,6,7,6,2,6,6,3,3,5,5,5,4,3,2,working class people in low skilled jobs,FALSE
ry42umm63fgo5xpfxg7m71q0,PJ,PJ,7,4,5,7,1,2,1,6,6,6,2,5,7,1,1,6,2,5,1,6,5,professional,FALSE
zqwafjvksrwygkyr49klcd2y,PJ,WJ,6,2,2,2,3,1,1,7,7,1,1,7,7,2,1,5,3,4,3,4,2,People in the working class group,FALSE
lm5bj8o4wcf3ev97p5tnvozs,PJ,WJ,5,2,1,3,1,5,2,3,7,5,5,7,7,1,1,6,3,3,1,4,1,Working class,FALSE
36vah0gkeq8eups9dmmxfru6,PJ,PJ,6,1,5,7,1,2,1,6,6,2,7,5,6,4,4,5,5,5,4,5,3,professionals,FALSE
dnhrlmwte0jo6chbl858tnjj,PJ,WJ,4,3,3,3,1,3,2,4,5,3,3,5,6,2,3,4,2,3,3,5,3,working class people,FALSE
kh5cbz79sen95mti7c3fyc4h,PJ,PJ,7,6,6,6,3,1,1,7,7,1,1,7,7,5,1,4,2,4,5,5,5,professionals eg admin and managers,FALSE
ph83et5ume8rcjbn61ztm3g7,PJ,PJ,6,6,6,6,1,6,6,6,3,5,5,3,5,6,4,3,4,5,5,4,5,People with professional jobs,FALSE
jmxbpq4chu9m1xrytkppthw8,PJ,PJ,6,5,7,6,1,2,5,6,7,3,2,7,7,2,2,5,2,4,1,5,2,Professional workers,FALSE
qz9q3cdmeb2n3y0e1usy8r2z,PJ,WJ,6,1,2,4,3,3,1,7,6,2,3,6,7,4,3,5,2,3,3,5,3,Working class,FALSE
3w5xc66fwcsdmg3niwwtv07z,PJ,PJ,6,5,6,6,1,1,1,6,7,4,1,7,7,6,3,5,4,5,3,4,2,professional people,FALSE
h0z7hbmfkxi8xilqem6a1i8p,PJ,WJ,4,3,3,4,1,4,1,6,7,1,1,7,7,2,2,6,2,2,3,7,2,Unskilled workers otherwise referred to as the working class,FALSE
5l0slq33c3470x285uvpwk0g,WJ,WJ,7,7,7,7,1,3,3,6,7,1,2,6,7,3,3,4,4,4,3,4,2,working class,FALSE
urg2rjvqlni12qi9vxdsf57s,PJ,PJ,7,7,7,7,3,3,6,6,5,3,7,5,7,4,3,4,5,5,3,5,4,People in Professional Jobs or management etc people with university degrees,FALSE
34uz2ht97p3p60p6csf5krkm,PJ,WJ,6,1,3,6,2,1,1,7,7,2,2,7,7,3,2,7,5,5,3,5,3,Working class,FALSE
iwqjrlnvxesgshm6w78iu8eq,PJ,PJ,3,5,6,4,1,3,1,5,6,3,2,5,6,5,6,2,2,5,2,3,3,Professional level employees usually with a degree,FALSE
km0igozlb0vp65pycngd0ta1,PJ,PJ,5,5,6,6,2,3,3,5,6,5,4,5,6,3,3,6,5,4,3,5,4,people with professional jobs,FALSE
ts8ukeptdgttnpia38tdtwv2,PJ,PJ,7,6,7,7,1,1,1,7,7,3,2,7,7,1,1,6,2,1,1,7,1,professionals and senior managers and administrators,FALSE
o4k3bclaymqyxoxwd6qe253i,WJ,WJ,7,7,7,7,1,1,1,7,7,1,1,7,7,2,1,6,1,4,2,6,1,Unskilled workers,FALSE
caqnv74lqt49mv3e9tmf2ro5,PJ,WJ,6,3,2,1,2,6,1,6,7,2,2,7,7,3,1,7,5,5,1,5,2,working class,FALSE
gp822fstq9mclnjetink1dky,PJ,WJ,7,6,7,7,2,7,7,2,6,4,3,2,5,1,6,7,1,1,1,7,7,people in working class jobs,FALSE
fk0snw9yu4i2g47v7f09sh4t,PJ,WJ,5,5,3,5,2,2,1,2,7,3,3,5,7,3,3,4,3,3,3,5,2,working class,FALSE
4r6o9t5ggy40wfi4xjwlz5xs,PJ,PJ,5,4,3,5,2,5,4,4,5,4,4,5,4,5,6,6,5,6,5,5,6,working class,TRUE
t7qfti7lz4zwuyifilruqdrm,PJ,WJ,7,1,3,4,3,3,1,6,7,2,2,6,7,2,1,5,1,3,2,6,1,working class,FALSE
4b7deafqhrzdyp9q4pjg2fa6,PJ,PJ,5,1,1,7,1,6,6,2,4,6,3,4,5,5,4,5,3,5,6,6,6,Professional people,FALSE
q1r5e7pn5cpxksdjusfiqz2v,PJ,WJ,5,3,3,3,1,3,2,6,6,2,2,6,6,3,4,6,4,4,3,5,3,working class,FALSE
jl3ccv08dwfwlj7vqlt9fidp,PJ,PJ,6,1,6,6,2,3,1,6,6,4,3,3,7,6,6,2,4,6,3,2,6,professionals,FALSE
b4r3buj9rod7slurxy400jot,PJ,PJ,6,7,7,7,1,4,5,6,3,5,4,3,3,2,2,3,2,3,5,6,4,Professionals,FALSE
4hy646vqpkt73bt4ub71dxy9,PJ,WJ,6,3,5,5,3,1,1,2,6,2,1,6,7,1,1,7,2,1,2,7,4,Working class,FALSE
kggcd1as632e92dfgu3uyxeo,WJ,PJ,6,3,3,4,3,4,3,5,5,4,4,5,5,3,4,4,3,4,3,3,3,Professional,FALSE
6mpbeo519yk5sbrm3syx0mnq,PJ,WJ,5,3,3,5,2,5,5,4,4,4,4,5,5,5,5,5,6,5,5,4,6,working class,FALSE
qppxbfsj4iufs6cd57bcez12,PJ,WJ,6,2,3,4,3,1,1,6,4,2,2,7,7,5,5,3,6,5,3,2,3,Working class employees,FALSE
m8qb4tioqe3xhxubhulfppry,PJ,PJ,7,2,5,7,2,6,1,2,7,6,6,2,7,5,3,3,2,5,3,3,4,professionals with degrees,FALSE
34zhiwyvwrgl86mhlt73h64o,PJ,PJ,6,7,7,7,1,2,1,6,7,2,1,7,7,6,3,5,7,6,4,2,6,Professional employee,FALSE
b502ooejox171qxvtsdkahrp,PJ,WJ,6,1,1,1,3,4,5,7,4,4,5,5,5,3,2,6,1,2,4,7,1,unskilled and manual workers and jobs that generally do not need a degree level education,FALSE
oc3djtq2tfd6qh1xxw3yzogo,WJ,PJ,3,1,1,2,2,4,5,5,2,6,5,3,3,2,3,5,1,4,2,7,2,Profesional workers,FALSE
w4cmusrc0w8dls5120gozb3c,PJ,PJ,7,1,7,7,3,1,1,7,7,7,1,7,7,3,3,6,5,3,3,5,2,Professionals,FALSE
0qcyas3ya0z1r5uqxoo9dg12,PJ,WJ,6,2,4,3,3,1,1,7,7,2,1,7,7,2,3,5,4,3,2,5,2,Working class people in manual and skilled trades,FALSE
jdyehla1t6zg8gqmfjuxhk4c,PJ,WJ,6,3,6,6,2,3,1,1,7,2,2,7,7,3,4,3,5,5,4,4,3,Unskilled manual jobs non professionals,FALSE
tfdscsgijkuzlkudluna7rsx,PJ,WJ,6,4,4,3,2,3,2,7,7,2,2,6,7,5,4,3,4,5,5,5,4,Working class employees,FALSE
wyr0f0cyw7hwf9nuh62kagql,PJ,PJ,6,4,6,6,4,4,2,6,6,3,2,6,6,3,3,5,1,2,2,5,2,Professional workers,FALSE
d5pgihh9wyrw3jc010ogj77j,PJ,PJ,7,7,7,7,2,4,2,6,7,2,2,7,7,2,1,7,2,3,1,4,3,Professionals and management,FALSE
9p0tvkx4jftxsk8kcl43nbpc,PJ,PJ,5,6,6,6,2,5,2,5,4,3,3,6,6,5,5,3,6,6,6,3,5,People in Professional Jobs,FALSE
emyekdi9fzmo5piaajut6s93,PJ,WJ,7,4,5,2,3,3,4,5,7,1,1,7,7,1,2,6,3,4,2,1,3,working class people,FALSE
106qg71jzjkrlysxilc6vqha,PJ,WJ,6,5,6,6,2,3,1,6,7,6,2,6,6,2,3,5,5,3,1,5,2,working class semi skilled and unskilled workers,FALSE
4ap22bdb0mdrt8yswpbwu7yz,WJ,PJ,5,1,2,3,1,1,2,6,4,3,2,7,7,2,2,5,3,3,1,3,2,People with professional jobs,FALSE
819jd2qgopfpgfn2bvht0hvb,PJ,WJ,5,2,2,5,2,5,3,6,6,5,6,5,6,5,2,3,7,2,3,5,3,Working class people,FALSE
gq66jq8bl95z0ymrmtmsufp6,PJ,PJ,7,6,6,6,2,2,2,6,6,2,2,6,7,5,3,5,3,5,3,6,3,Professionals,FALSE
bic2rle7mpazwxqk3w472n7o,WJ,WJ,7,1,7,7,1,1,1,7,7,1,1,7,7,3,3,5,4,3,3,4,2,working class,FALSE
0dt6pnybelt7c683u3rhkrz2,PJ,PJ,5,4,4,5,1,5,2,6,6,3,2,6,6,2,2,6,2,2,3,6,2,I have forgotten and wasnt able to go back a read the brief again,TRUE
sw68vqzloniwrvd52dkablof,PJ,PJ,7,6,7,7,2,2,2,7,7,1,1,7,7,2,2,4,2,2,2,6,3,Professionals,FALSE
viufjhpjmao0w5adqjt0yn3l,PJ,WJ,7,1,1,3,2,2,1,7,7,4,3,7,7,1,1,7,2,5,1,3,1,Working class jobs that did not require degree level education,FALSE
9suyes4r7jsle3xc2h19m2bu,PJ,PJ,7,6,6,7,3,4,4,5,5,4,4,5,6,3,2,6,2,3,2,6,2,Professional Workers,FALSE
iw8ioo16894fdjq781p8jrbi,WJ,WJ,6,5,5,5,2,1,1,6,5,2,2,6,6,2,3,3,1,2,1,5,2,working class,FALSE
stj7pak2wyws3f5mlydrbv3y,PJ,WJ,7,3,5,3,2,3,3,7,5,4,6,6,7,3,2,3,1,2,5,5,5,Working class,FALSE
kx47edv4mijrqw429mkk1ll7,PJ,PJ,7,5,7,7,2,4,1,7,7,6,5,5,7,3,5,5,5,1,5,4,4,Professionals and graduates,FALSE
8lyqqvw9swaa4e0uvk16o9vp,PJ,WJ,5,3,5,3,2,1,1,7,7,7,1,7,7,5,1,5,1,3,5,5,3,Working class people,FALSE
zlz4zg8ce2bgcr15btywbx92,PJ,PJ,6,6,6,6,1,3,2,5,5,2,2,6,6,3,3,3,2,5,3,3,3,Professional workers,FALSE
dlaridtiywru1at2mdp1zsml,WJ,PJ,7,6,5,5,1,4,3,7,7,1,4,6,7,2,2,5,3,4,6,6,2,office workers,FALSE
o4ag9v2hqixd9ymwwbvmt4i9,WJ,WJ,5,3,5,6,3,2,4,6,6,5,4,5,6,2,2,4,3,3,2,4,3,working class people or those in working class jobs,FALSE
trujc89g1gcbx80qrj4rhtst,WJ,WJ,7,7,7,7,1,1,2,7,7,7,1,5,6,1,2,7,2,4,1,7,2,Working class,FALSE
oadg9105aiygeeiu7egave3b,WJ,WJ,5,5,5,5,1,6,5,6,7,5,5,6,5,2,2,5,1,3,2,5,3,Working class,FALSE
4lpq699wr4aaiv9529rv7qwy,PJ,PJ,5,4,5,7,1,4,1,4,7,1,4,7,7,2,1,6,4,4,2,5,4,professional people,FALSE
d9cekqnbtcndhlefs6botm1j,WJ,PJ,7,7,7,7,3,1,1,7,7,4,1,7,7,1,1,7,1,1,1,1,1,anyone with a job,TRUE
4ehm3s9lhq8xip7ttzsy6g8t,PJ,WJ,5,3,3,5,2,4,2,3,6,3,3,6,6,5,3,3,4,4,3,4,3,Working class people in working class jobs,FALSE
dr14pba2att3dles5vxo2xvq,PJ,PJ,5,7,7,7,1,2,2,6,6,5,5,3,7,3,3,5,3,5,2,4,3,Professionals,FALSE
d3n13o7xzita4dv34go2e0ug,PJ,PJ,6,3,5,5,1,6,5,6,5,5,5,5,7,6,5,2,5,5,6,4,6,people in professional jobs,FALSE
dv4i774p5ukln2dc56a21fay,PJ,PJ,6,4,7,7,1,5,2,5,5,5,5,5,6,3,2,6,2,3,5,5,4,Professional mostly degreed people,FALSE
gs633ixbuelkjjbjc3koc9l8,PJ,WJ,6,5,5,6,1,5,1,7,7,2,1,7,7,3,2,5,2,3,2,6,3,Working class,FALSE
a5qr8fqpdj8aca62nuqzoy60,PJ,PJ,5,4,5,4,2,3,2,6,6,4,3,5,6,3,2,6,3,3,3,6,4,NA,TRUE
m30ts18n8i7r47i27tr3anlv,PJ,WJ,5,4,3,3,3,5,2,6,7,4,3,7,7,3,2,5,3,5,3,6,2,working class people,FALSE
adfty21x98dc04vqdkks4ywd,PJ,WJ,5,1,2,2,1,4,1,7,7,6,1,7,7,3,1,5,7,5,3,4,3,working class people,FALSE
252orb854xqjxid7q2ff0mdz,PJ,PJ,6,6,6,6,3,3,2,6,7,3,2,6,7,5,1,5,2,5,4,5,3,Professional workers,FALSE
ofj0xbikqo3g17a3mqs6aog4,PJ,WJ,6,3,3,6,2,4,1,4,7,2,2,6,6,3,5,2,2,5,2,5,5,working class,FALSE
56ljcuwkcksdv6d80jnbcps6,PJ,PJ,7,5,4,4,2,6,6,5,4,5,6,3,4,5,3,4,6,5,4,5,5,Workers,TRUE
dtu5tws96a32yk22jq23o2ll,WJ,PJ,5,1,1,5,1,2,2,7,7,1,1,7,7,4,5,5,6,5,5,3,5,Professionals,FALSE
de39vm1nrm4ohib7fzuoj7zu,PJ,WJ,4,2,2,1,2,5,1,6,6,1,3,6,6,2,2,6,2,3,6,5,2,Unskilled workers such as those who would be adversely affected by layoffs in a period of economic downturn,FALSE
af38b4oiyx4csamhpp74ol8d,PJ,PJ,6,6,7,6,2,5,5,4,6,4,4,5,6,5,5,5,3,3,3,5,3,Higher professionals,FALSE
3is67yuyu2if6ex4q9bwsfol,PJ,WJ,5,2,6,5,1,2,1,6,7,7,6,7,7,3,6,2,3,5,2,3,3,Working class,FALSE
4l793i70k7jycp6a9zzm0m7a,PJ,PJ,7,7,7,7,1,4,1,4,7,7,4,5,7,5,4,4,5,5,4,4,4,Professionally trained,FALSE
ykyp0iwlzgfas58l1isqitje,PJ,WJ,6,2,2,5,2,5,1,6,4,3,2,6,7,2,2,5,2,5,2,5,2,Working Class,FALSE
pvdpls4oh0yp30iwsturdf57,PJ,WJ,4,2,2,3,2,2,2,3,6,2,2,6,6,2,3,5,2,3,2,5,3,Working class,FALSE
53qv6bw60u49bfr9drxcrmg3,PJ,WJ,5,2,1,2,1,2,2,6,6,2,2,6,7,3,2,3,4,4,3,3,3,Working class employees skilled semiskilled and manual,FALSE
2ffodmco7idvtd60wy8l3gef,WJ,WJ,7,7,7,7,1,1,1,7,7,4,1,6,7,1,1,7,1,1,5,7,4,Working class,FALSE
zgdschua32zi2cyaqw25uvw1,PJ,WJ,5,3,3,4,1,2,2,2,2,2,2,5,5,3,3,5,2,5,3,6,4,Working class,FALSE
wowfn760aumsfijz4boxnkry,PJ,PJ,7,3,5,7,1,2,5,6,6,2,2,6,7,3,3,2,6,5,5,6,5,Proffesional people in jobs that usually require a degree or similar to work in them,FALSE
tfpha9elf1gow0n1xoupunjm,PJ,WJ,5,3,3,4,2,5,2,6,6,3,5,6,6,5,5,3,5,6,6,4,5,working class,FALSE
zgptb3kltssent7rjbula1ra,WJ,WJ,6,4,5,6,2,3,1,6,6,3,2,6,7,2,2,5,3,3,2,5,1,working class,FALSE
nhja9wzils02vdq4apz1sdj1,PJ,PJ,7,4,6,6,1,3,4,5,6,4,4,5,5,3,4,4,5,5,4,5,4,Professionals,FALSE
x6eji77qzm46l5cmznx5vtm8,PJ,PJ,6,6,5,6,3,5,4,5,4,2,4,5,4,2,3,4,4,4,4,5,4,professionals,FALSE
eegexuijwb9dwg2z5x0ca872,PJ,PJ,6,5,5,6,2,3,2,7,6,2,1,6,7,3,2,3,2,5,3,2,2,people in professional jobs,FALSE
kend3uxw7zvlk0ufa8c2ipi1,PJ,PJ,4,3,4,5,1,1,1,2,7,2,2,6,7,3,4,4,4,3,5,4,4,Professionals,FALSE
sjityj0hsakwyo0r73mrytin,PJ,WJ,7,1,1,6,1,6,1,6,7,3,6,6,6,6,6,5,3,5,2,6,5,Working class people,FALSE
egcro3ud89vx80ade3saaach,PJ,WJ,6,4,4,5,2,5,4,4,4,3,3,5,5,2,3,5,2,4,2,3,4,Skilled workers usually without uni degrees,FALSE
3a2umd7e7sew2upklfhwxhan,PJ,PJ,6,7,6,7,2,4,2,6,7,2,5,6,6,4,2,5,5,5,3,4,3,professional and management positions with degree level education,FALSE
erqydeuwe2icgra304z3h327,WJ,PJ,6,4,4,5,1,5,5,6,5,4,6,6,5,5,5,4,2,4,3,5,4,Professionals,FALSE
ghom0d41fbz6yp02f8tfg19s,WJ,PJ,4,4,5,3,1,6,5,4,3,6,3,4,6,5,2,5,2,3,5,6,3,NA,TRUE
tcwl0rqqrufmot81nbz6gtcb,PJ,WJ,5,3,3,3,2,1,1,7,7,2,2,6,6,4,3,5,1,2,2,6,2,Working class,FALSE
2hvrl057cslhvrn2uge932w7,PJ,WJ,4,3,3,6,3,5,4,3,5,5,5,3,7,5,2,6,1,2,6,7,3,Working class,FALSE
8731p48cmyd1awmh2t2zxcbc,PJ,WJ,6,1,1,3,2,2,1,7,7,1,1,7,7,1,1,7,2,1,1,5,1,Working class people,FALSE
7wore7hxndddsvw3u1qb2m6c,PJ,PJ,7,1,1,7,4,1,1,7,7,1,1,7,7,6,6,1,6,6,1,3,4,Proffessional people with a degree,FALSE
3pgu3mntbxk62txe3lrc0m2f,PJ,PJ,3,5,5,6,2,4,6,6,2,7,7,3,7,5,3,6,5,2,5,6,5,People in professional jobs,FALSE
v9xcmarpzx4opgbriacdpf2r,PJ,PJ,6,7,7,7,2,4,1,5,7,3,3,3,6,2,2,6,4,2,3,4,3,People in professional jobs,FALSE
zxdxipyiewwf5r3rl6kftt4e,PJ,WJ,4,4,4,2,2,5,5,7,4,6,1,7,6,2,1,7,1,1,1,7,4,Lower class,FALSE
3jpplnu73yngnvy29luzdd26,PJ,PJ,6,3,7,7,4,5,5,6,7,4,4,5,7,3,3,3,3,5,2,3,3,Professional people who work in jobs that usually require a degree,FALSE
hl71wrdcuu5k48tioihjrgwy,PJ,WJ,7,3,4,6,1,6,3,6,7,4,4,6,6,5,5,2,7,5,5,4,5,Working class people,FALSE
gub7ig3ihu9z4ham00bc1c6x,PJ,PJ,6,6,6,6,1,1,1,7,7,1,1,7,7,6,5,2,4,5,6,2,4,professional people,FALSE
aqd5vg27yloc7cijengesq5l,PJ,PJ,7,5,6,6,3,1,1,7,7,1,1,7,6,3,3,7,1,2,2,7,2,Professional workers,FALSE
p1q34quqxaim84c38g1drvi4,PJ,PJ,7,1,1,7,1,6,1,5,5,3,3,6,6,5,5,4,4,5,5,4,4,Management,FALSE
nj9sr8aqty75pgp3ndkrt642,PJ,WJ,7,2,2,2,3,3,1,6,7,2,2,7,7,2,2,7,1,4,2,4,2,Working class people,FALSE
h5i17ravvgb29o2nh8prcs6o,PJ,WJ,6,3,2,5,3,3,3,5,6,3,3,5,7,2,1,4,5,3,3,3,2,Working class,FALSE
iowuep8zuvv00mn3gzukf0fa,WJ,WJ,7,4,6,7,3,1,1,7,1,7,7,7,7,1,1,7,1,1,7,7,1,people from the middle to lowest paid,TRUE
eom5utvaj60o7ayaiavt7hzz,WJ,PJ,6,1,1,5,1,4,5,7,7,2,4,5,6,2,1,7,7,6,4,6,3,those in professional jobs such as office managers,FALSE
gazenzeb13n2g4jkg937r1dr,PJ,PJ,4,3,3,5,2,4,1,7,7,4,2,7,7,3,3,4,2,3,2,3,2,everyone,TRUE
ahkk7lmx1iubbxe1r3drabbe,PJ,WJ,3,3,3,5,1,1,1,7,7,5,5,5,7,1,3,6,1,2,1,7,1,Working class people,FALSE
anfr772fcmrgfsnljwwk9xv7,PJ,PJ,6,7,7,7,2,4,2,3,5,4,3,5,5,2,2,4,4,4,5,4,4,professionals,FALSE
79dqgub4ham8bd1u5sfozd8i,PJ,PJ,5,1,6,7,1,4,6,2,1,6,6,5,5,3,1,3,3,4,3,4,5,Professionals,FALSE
1g6pst4s19ztl99ie16259dd,PJ,PJ,6,5,5,5,1,6,1,6,7,5,2,6,7,3,1,5,2,5,4,3,3,NA,TRUE
t9ljyg6cvm6h1xdn4lgrpkka,WJ,WJ,7,4,4,5,1,4,4,6,4,4,4,3,3,3,5,2,7,4,4,2,4,Working class,FALSE
baj8fj7xewy0hu02pduekg89,PJ,WJ,3,4,3,4,1,5,5,6,4,4,5,5,5,2,3,5,4,4,5,5,2,The Working Class,FALSE
x4u5zlsrpbtf8pv5c127st17,PJ,WJ,5,2,3,6,1,2,1,6,7,1,2,7,7,3,6,3,5,4,3,4,3,Working class people,FALSE
sife0ywhv06qq64cx54fl1c8,PJ,WJ,7,5,4,7,4,3,1,7,7,1,2,6,6,2,1,7,1,1,1,7,1,People in skilled or semi skilled jobs,FALSE
k6ifo54yipt8d29zgkfj2ncd,WJ,PJ,5,5,5,5,1,5,1,5,6,1,4,6,6,3,3,4,2,5,3,5,3,Working people,FALSE
z60wzgqqikie5yok287ay8de,PJ,WJ,5,4,4,4,1,1,1,7,7,3,2,7,7,3,1,7,1,1,2,6,2,Working class,FALSE
x1tdpm2rx8g9pgvfiz03h3br,WJ,PJ,3,1,2,3,1,3,2,7,4,5,3,5,7,2,3,5,7,5,4,5,2,professionals,FALSE
o1jxuzq8x9bwhsutpj6fhqy4,PJ,WJ,6,4,3,5,1,3,1,6,6,3,1,6,6,2,2,6,3,3,2,4,2,NA,TRUE
ddq8hbogosoe240iju1bm0sq,PJ,WJ,7,3,4,5,2,2,1,7,7,2,1,6,6,4,3,5,4,3,3,5,2,The working class,FALSE
e4n2srk002dr61me29p9m6vi,PJ,PJ,7,7,7,7,1,2,1,6,7,2,1,7,7,5,4,5,5,5,5,5,5,Professional people,FALSE
7jrc1y8injz4g18i5iw17ugc,WJ,WJ,5,6,5,6,2,3,1,6,7,1,1,7,7,2,2,5,5,5,3,5,3,Working class workers,FALSE
q5e46tlypkk436c2h5e9rb28,WJ,PJ,7,3,5,5,1,6,4,7,7,1,1,7,7,3,1,7,3,6,3,6,4,People in professional jobs who normally have degrees,FALSE
fam6b3xvok52loh5nbzmqnla,PJ,WJ,5,1,2,2,1,3,1,6,7,4,4,6,7,2,2,3,4,5,2,3,3,working class,FALSE
d0l7v9sbvhcgp6an6nh1rkdd,PJ,PJ,5,5,6,5,3,4,4,4,4,4,4,4,4,5,3,5,3,5,5,3,5,Professional workers,FALSE
dl3fa7fjyblenew0mny6hxsa,PJ,PJ,7,7,7,6,2,5,5,4,5,4,4,4,4,5,3,3,3,2,5,4,5,professionals,FALSE
imt27hiwgosva6vyez98wyzp,PJ,WJ,6,3,2,5,2,1,1,6,7,2,1,7,7,1,1,7,2,2,2,6,2,working class people,FALSE
qaso8ymu70ujbyp2oep9cima,PJ,PJ,6,3,3,3,1,5,5,4,4,4,4,4,4,1,1,5,1,3,2,7,3,People in professional jobs admin managerial or those needing a degree etc,FALSE
kfsotfbwuhb5vpskda5js4hu,PJ,WJ,6,3,3,5,2,4,3,5,5,4,4,5,5,2,2,5,1,2,2,6,2,Manual workers in low paid jobs,FALSE
97f5pp5ox9ty5lcwrhddk16i,WJ,WJ,6,2,2,2,1,4,3,5,7,2,2,5,6,4,1,6,5,4,1,6,4,The Working Class People,FALSE
ovqqpp6e3pdc7so41vm6bvun,WJ,WJ,7,7,7,7,1,3,3,6,6,2,2,6,7,3,3,5,5,5,3,5,5,Working class people,FALSE
kfsotfbwuhb5vpskda5js4hu,PJ,WJ,2,3,3,5,2,3,2,5,4,3,3,5,5,2,3,6,1,2,2,7,2,Low skilled and semi skilled workers in manual jobs generally those who do not have a degree,FALSE
hd9luoh6jut2vyiqwan5ziwd,PJ,PJ,5,5,5,5,5,2,1,7,7,2,1,7,7,2,2,5,2,3,1,4,1,disadvantaged people,TRUE
y7unzbkgyxang7trmahcdzvm,WJ,WJ,6,5,6,6,1,3,1,7,7,6,4,5,7,3,3,5,4,4,4,5,3,Working class people,FALSE
g436dj7ig3rp9rh4qs5lgj6m,PJ,WJ,5,1,2,3,3,1,1,7,7,1,1,7,7,2,2,5,1,5,2,4,3,Working class,FALSE
ni04m6rnzzxhijbcty2xyeri,PJ,PJ,6,7,7,7,2,2,1,7,7,4,1,7,7,3,2,3,2,4,1,5,2,professional workers,FALSE
33q4r17hv79gzt9eh2a1mxus,WJ,PJ,3,2,2,1,1,6,4,2,5,4,4,6,6,3,3,5,6,3,5,2,3,People in professional jobs that generally require a university degree,FALSE
1m75oyrf917urhqlv0ox82rx,PJ,PJ,7,7,7,7,3,6,3,5,6,5,6,4,6,5,3,5,6,5,3,5,3,Professionals,FALSE
nc9czba3rgfv3g14pj9x4iti,WJ,PJ,5,4,4,3,1,4,5,7,7,1,1,7,7,1,1,1,4,4,1,5,5,professinol,FALSE
bj6051cj2uc5lrqe7jr82p6c,PJ,PJ,5,5,5,5,3,3,1,5,7,2,2,5,7,3,1,5,2,4,3,4,3,White collar professional and administrative workers,FALSE
9iimrybnz3xokotbwcu9tsgt,WJ,WJ,7,6,7,7,1,4,4,4,1,3,5,6,7,1,4,5,2,2,1,6,1,Working Class People,FALSE
djunbvwppfyy6nlgazi2klv3,PJ,WJ,6,4,5,6,1,1,1,7,3,3,2,5,6,4,2,5,4,3,1,4,3,working class people,FALSE
sa4bhi5saej053yeltoa366j,WJ,PJ,7,4,4,5,2,2,1,7,7,3,2,6,7,2,2,6,4,2,1,7,2,Employees in a professional job,FALSE
2r01ihrgv27mkrwp8qordkis,PJ,WJ,6,5,5,6,3,2,1,7,7,3,1,6,7,4,3,5,4,5,2,4,2,Non professional people with jobs whose labour would become casualised rather than protected as employment is at the moment,FALSE
lxjz41fhec8i7ltb1mm497nr,PJ,PJ,4,4,4,4,1,4,4,4,7,4,4,7,7,5,4,4,2,4,6,4,4,The public,TRUE
vilofwy20qfsk554zfwhybci,WJ,WJ,7,7,7,7,1,1,1,7,7,1,1,7,7,1,1,7,2,3,2,7,1,Skilled semi skilled and unskilled persons generally without a degree,FALSE
pmt4hotru8xqn0q6m4640anz,WJ,PJ,6,2,4,2,4,1,1,7,7,1,1,7,7,1,1,7,4,3,1,7,1,People with professional jobs,FALSE
rpwmuplmepgufqqplakeq496,PJ,WJ,3,1,2,3,2,6,4,3,5,5,5,4,6,2,4,1,6,5,5,4,3,Working classes,FALSE
doyo87ve949dwwvc73p7cb8m,PJ,WJ,4,4,4,5,1,4,1,4,7,4,5,4,7,6,6,2,4,5,6,2,2,Working class,FALSE
9lvamaj1wi8q3woomh7r0p80,WJ,WJ,7,7,7,4,1,2,2,6,6,3,2,5,7,2,3,5,2,2,3,5,3,The working class,FALSE
6pc4lzh8bzjkx0d6keupad4p,PJ,PJ,6,6,6,6,2,2,2,6,6,4,4,5,7,4,3,5,4,4,3,3,4,Professionals,FALSE
zugqh846puc5tdd9e6i4xb5j,WJ,PJ,7,3,4,3,1,2,2,6,7,1,1,7,7,2,2,6,4,5,3,6,2,professional workers,FALSE
y7wjm6ixeikzl51flo6il8wt,PJ,PJ,4,1,2,7,1,6,6,5,3,5,5,4,6,3,2,6,3,3,3,5,3,Professionals,FALSE
e8mxwx8m20ax0mzo6p3uqyta,PJ,WJ,5,1,1,5,1,5,1,7,6,5,5,7,7,5,3,4,7,6,5,3,3,Those in working class jobs,FALSE
ueyany80pm9msc87xr6p887c,PJ,PJ,6,6,5,7,2,3,1,6,7,2,1,7,7,3,3,6,5,5,6,3,4,Professionals,FALSE
ba9z6u3gyq2hlcag18r3al42,PJ,WJ,7,4,3,3,3,4,2,5,5,3,3,5,6,2,1,5,2,4,2,5,2,People in working class jobs,FALSE
pm18raba4frpl9au5nsiqju8,PJ,WJ,1,1,1,2,1,4,4,4,5,5,5,3,4,6,6,2,7,5,6,2,5,working class,FALSE
e3y2avxmds2e0uuicbkmg41w,PJ,PJ,7,7,7,7,3,5,5,4,4,5,6,2,6,3,2,5,2,3,2,6,5,professionals,FALSE
il45s3tuhh4fy31x4p1g5pgk,PJ,PJ,6,6,7,7,2,6,5,3,4,7,6,4,4,6,5,4,4,5,6,5,4,Professional people,FALSE
c3vw3gjjmyl7ery847ycc9kj,WJ,WJ,5,4,5,5,1,4,3,5,2,4,3,5,4,3,3,4,6,4,3,5,3,not sure,TRUE
cf1drq5ll6sqxyfejltv20fv,PJ,WJ,6,2,3,4,2,2,5,7,6,6,5,5,6,3,3,2,6,5,5,5,3,working class people,FALSE
wnbvih71qrzmco1vq3gmyddo,PJ,PJ,7,7,7,7,1,3,4,7,6,6,3,6,6,1,1,5,2,3,2,7,1,professional office workers,FALSE
lospillsd3pm79fo2jinpj7v,PJ,WJ,5,3,5,5,1,6,5,7,7,3,2,6,6,6,5,4,4,6,5,5,4,Working class people,FALSE
t635586ma5glhrx37hrx2aj4,WJ,WJ,5,4,6,6,1,4,3,4,4,4,5,5,5,2,2,5,4,4,2,6,3,Working class,FALSE
pnj1cg1o7u3uegs7vn7ic824,WJ,PJ,4,4,4,6,1,4,3,7,7,1,1,6,5,2,2,6,2,4,2,6,5,Working class,TRUE
qohwrcux0nfxlamtq6zy33qk,WJ,WJ,7,7,7,7,1,2,1,6,7,1,1,7,7,5,5,2,7,6,5,3,4,working class,FALSE
7vuvv2vtss4jstpxa3p8e5ie,PJ,PJ,6,2,7,6,2,5,3,7,7,2,2,6,6,4,2,4,4,3,4,5,2,professionals,FALSE
owyh6urqfvi9uuetumq8iypu,WJ,PJ,6,1,1,5,2,1,1,7,7,2,2,7,7,1,2,7,1,2,2,7,1,Professional workers,FALSE
ze2ngq6rasewiv0vc4why60k,PJ,WJ,6,1,1,3,1,3,1,6,4,1,1,7,7,2,1,5,1,2,1,4,1,Semi skilled manual labour,FALSE
vvp5cmygzpdth5k9v0r82vps,WJ,PJ,5,5,6,3,2,2,4,3,7,4,6,7,4,3,3,4,3,4,2,5,4,Public,TRUE
du16gc9okm4e7fpo8ehha3vn,WJ,PJ,5,1,1,4,1,2,1,7,7,2,2,7,7,3,3,5,5,6,5,5,5,Professional workers,FALSE
wjysesy5yx5sanad274kksgr,PJ,PJ,5,5,5,5,2,4,2,5,6,4,4,5,7,5,4,4,6,4,6,4,4,Always the lower classes,TRUE
dlnvo16c608cz7t4o0jnf8wu,WJ,PJ,7,1,1,4,1,2,1,7,7,1,2,7,7,2,4,5,4,5,1,4,1,Professionals,FALSE
aw128gy5h0kf63ermk2tq08j,WJ,WJ,6,5,6,6,1,1,1,7,7,2,1,7,7,5,1,6,2,2,2,7,2,Working class,FALSE
vto2i9h7sxhq206w1a3ytkvj,PJ,WJ,6,2,2,4,3,3,2,6,6,2,2,6,6,3,3,5,6,5,2,4,3,Working Class,FALSE
44kil0xirunqbl18cyfuzp9w,WJ,WJ,7,7,7,6,1,1,1,7,7,1,1,7,7,1,2,6,1,3,1,7,1,Working class groups,FALSE
t9d2fuou1s1r901ql3rp9j0c,WJ,WJ,6,6,7,6,2,1,1,7,7,1,1,7,7,1,1,7,3,3,1,1,1,Working class,FALSE
qzvpur2dmd8gkct60yy25qf2,WJ,WJ,7,1,1,1,2,1,1,7,7,1,1,7,7,3,1,7,4,4,2,7,1,skilled and semi skilled,FALSE
tupvp4pjqcga9ohiq5hz7862,PJ,WJ,3,1,2,3,2,5,3,3,5,3,2,6,6,2,2,3,2,5,3,4,3,Working class people in jobs not requiring a university degree,FALSE
r80x9tg6l7e2d4u9wwdxlmor,WJ,PJ,7,1,5,5,2,4,2,6,7,2,2,6,6,2,2,6,6,3,3,5,1,Professions that generally required a degree,FALSE
2kjwcanafb9pueolozm2w1kg,WJ,WJ,7,1,5,7,2,1,1,7,7,1,1,7,7,2,2,6,2,2,1,5,2,Working Class people,FALSE
6ubtrwcbyopm4neyustostyt,WJ,WJ,7,6,6,6,2,3,4,5,6,4,5,5,5,4,4,4,4,4,3,5,3,Working class people,FALSE
1pvaq5hbei5ttzsmb48fs02u,WJ,PJ,5,4,3,4,1,4,3,5,5,3,3,5,5,5,5,3,5,5,6,4,2,Professional people,FALSE
65clufuek5hozocl6kxkq75m,PJ,PJ,5,6,6,6,2,2,1,7,6,2,2,6,6,3,1,6,4,3,2,5,2,Professional workers,FALSE
o5s0p20z9nixa03ik0qsbxm3,PJ,PJ,6,6,6,6,2,1,1,7,7,2,1,7,7,3,3,2,3,5,5,5,3,People in professional jobs,FALSE
5vayp78is4ph25xn3s95skm7,WJ,PJ,4,1,1,1,1,1,1,7,7,1,1,7,7,2,1,7,1,2,2,5,2,high level people with degrees,FALSE
uys5iig2auithw9yjcioepvk,WJ,PJ,6,6,5,5,2,4,1,6,7,3,1,7,7,3,3,5,2,5,3,6,3,People with professional jobs,FALSE
aekteo9e4670b8bmujof4tnu,WJ,WJ,7,7,7,7,1,1,1,7,7,1,1,7,7,1,1,7,1,1,1,7,1,Working class,FALSE
5xbfhd4uopmbs3imaeodqx4w,WJ,WJ,7,7,7,7,3,1,4,7,7,1,1,7,7,1,1,7,1,1,1,7,1,Working Class,FALSE
q5k9zhlceiqfb415cvr4hiq0,PJ,WJ,7,4,5,4,1,2,1,7,7,7,1,7,7,2,1,5,1,4,3,5,2,Working class,FALSE
wpabvznlxup472ym2vtvw717,WJ,PJ,6,1,3,2,1,4,4,5,5,4,4,5,5,3,2,5,2,3,1,6,4,People in professional jobs like administration and jobs that require a degree,FALSE
vjbuowyatut332k2eepgt80u,WJ,WJ,7,7,7,7,1,4,5,1,6,6,5,7,7,6,5,2,7,6,1,4,5,Working class,FALSE
ev5qnymv2o400aa5i06wy7b2,WJ,WJ,7,6,6,7,1,6,5,2,5,5,7,4,5,2,1,6,2,1,5,6,3,Working class,FALSE
25wbbrwa19b9y2481knxi54h,WJ,PJ,4,4,4,4,1,3,3,6,7,3,3,4,5,5,2,6,3,5,2,5,3,NA,TRUE
p7zwjsal0c07dmsfq4q8f5is,PJ,PJ,6,6,6,5,2,4,3,6,6,6,2,6,6,3,2,5,2,5,5,4,3,Professional people,FALSE
ee8qawjoq56i3lvegttk1qez,WJ,WJ,7,7,7,7,1,4,1,7,7,1,1,7,7,4,4,5,3,5,3,5,3,Working class,FALSE
8pwicjtzf931zlgf6tji6k7a,PJ,WJ,4,2,2,2,1,5,4,5,5,3,5,6,6,3,1,5,1,2,4,7,2,working class,FALSE
ppuii0y7ffx1qr9ctpfp1nsu,WJ,WJ,7,7,7,7,3,4,4,7,7,4,4,4,4,1,1,7,6,4,2,7,2,Working class,FALSE
tq6myvh7vv5hrrmh7kfao19z,WJ,PJ,5,3,3,5,1,3,2,6,6,3,2,6,6,2,3,6,4,3,2,6,2,People in managerial roles admin etc,FALSE
y7air2g0x9e19dijiw1t77rs,PJ,PJ,5,7,6,7,2,1,1,7,6,1,2,6,7,5,3,3,3,5,3,4,3,Professional employees,FALSE
9u92ho87r0ssvp9so7nkeu7o,PJ,PJ,7,1,1,4,1,4,1,7,7,1,1,7,7,2,2,5,2,2,1,7,1,professional people in admin and managerial posts which usually needed a degree,FALSE
ngfp7q9ayoygg7u85oqq6uj7,PJ,WJ,4,3,3,3,2,4,5,5,3,3,3,5,6,2,3,3,3,4,2,2,2,Working class people,FALSE
w4ak4mcg7vvap57i0pz0pn7c,WJ,WJ,7,7,7,7,2,4,2,6,7,4,4,5,7,4,3,4,4,2,3,5,3,Working class,FALSE
nk3tywc7991pyqzmtmnt33x3,PJ,WJ,5,3,5,5,1,5,6,2,3,5,3,5,7,3,2,2,3,5,5,5,5,The working class,FALSE
gmdihgjhzjifjjdonqkho0l1,WJ,PJ,3,1,1,1,1,6,6,2,3,6,6,3,5,6,1,2,7,1,6,6,6,People in professional jobs,FALSE
asmqxrkatzmh8fiwioxkdl4f,WJ,PJ,4,2,2,2,1,6,6,3,5,6,6,6,6,3,2,5,3,3,2,5,3,professional jobs,FALSE
z73k8s92m35hmtcg8ykq0ldu,WJ,WJ,7,7,7,7,1,2,2,7,7,2,2,7,7,1,7,6,7,6,2,6,1,Skilled manual workers,FALSE
nwdujh9dfqqffjsnpgicdlvp,PJ,WJ,2,1,3,5,1,7,5,7,2,7,7,2,5,6,6,2,4,5,6,3,6,Working class,FALSE
xamxm7sdci17x9jvp2iand7i,WJ,PJ,7,3,3,5,1,3,2,7,7,6,4,6,6,1,2,6,4,5,3,5,4,Professionals,FALSE
2enstw8ukteqxirjmkmdp748,WJ,WJ,4,4,4,4,1,3,2,6,6,2,2,6,6,2,2,4,3,2,2,5,3,NA,TRUE
ff6nxad3odx86ng50jtovndw,PJ,WJ,7,1,1,4,1,3,5,5,5,5,3,4,5,2,1,7,1,1,1,7,1,Working class,FALSE
8yodyuvlupfddo4e80losyg7,PJ,PJ,6,3,4,4,1,5,2,7,6,2,3,5,5,4,2,6,5,2,2,5,3,Those being hired within professional roles that could be hired or fired easily,FALSE
2jpxmcmnct1ntslgmc7iy4ek,PJ,PJ,6,7,7,7,2,6,3,6,3,6,6,6,7,6,6,3,3,6,2,3,6,University educated professionals,FALSE
cf8nsnrhhjkq7lexy9wm86cn,PJ,WJ,4,4,5,3,1,4,5,4,3,3,4,4,3,5,5,4,5,4,4,4,4,working class people,FALSE
c2ybif900d5v1nt3xc4v423q,WJ,PJ,5,3,3,2,3,1,1,7,7,1,1,7,7,2,2,6,1,1,1,4,1,Professionals,FALSE
46s2enih19i61du8ey4j29rs,WJ,PJ,7,7,7,7,3,5,4,6,6,4,4,5,6,3,4,4,5,4,3,7,4,Professionals,FALSE
u7kb8fg48y839146cyjekha6,PJ,PJ,5,6,6,6,2,5,2,3,5,3,4,6,6,5,4,3,5,5,5,4,4,University degree holders,FALSE
rvdlinedz4mfmgz1luhfklqy,PJ,WJ,7,5,5,7,4,3,1,4,6,4,4,5,7,3,2,5,2,2,2,4,3,all People with social conscience,TRUE
mcg5buza33jifyybhd5e4rfg,PJ,PJ,6,5,6,6,3,4,5,4,5,4,4,4,5,3,4,5,3,3,3,5,3,Those who need a degree to do their job,FALSE
37z1vy63r0skfgrwt32aqhm3,PJ,WJ,3,2,1,2,1,5,6,6,6,4,5,5,7,5,6,4,4,5,5,4,4,the working classes,FALSE
l4ywd7ypj5dldvap892e7g5t,WJ,NA,NA,NA,NA,NA,NA,NA,NA,NA,NA,NA,NA,NA,NA,NA,NA,NA,NA,NA,NA,NA,NA,NA,TRUE
zdhinnk2jotzn9ahy64qx4fh,PJ,PJ,5,5,7,6,2,2,3,7,7,3,2,7,7,3,3,5,3,3,2,5,3,Professionals,FALSE
rixamujod37bci2rd6tb79ap,PJ,WJ,7,2,2,5,3,1,1,7,6,1,1,7,7,3,1,6,4,5,2,4,4,working class people,FALSE
li1obycxwlh5obc2k24xsarh,WJ,NA,NA,NA,NA,NA,NA,NA,NA,NA,NA,NA,NA,NA,NA,NA,NA,NA,NA,NA,NA,NA,NA,NA,TRUE
cbzo6e17uo1641s02d787zyt,WJ,WJ,7,7,7,7,1,4,2,6,7,2,2,6,6,4,3,5,6,5,6,3,2,Semi Skilled working class who did not need a degree,FALSE
wphvmiewjyahdlfengal6zm1,WJ,WJ,7,7,7,7,2,4,4,7,6,6,1,7,7,3,3,1,4,5,3,5,1,Working class people,FALSE
8rb2pd3yhxg8ab13mgwj4grm,PJ,PJ,5,4,4,4,1,4,5,6,6,3,3,6,6,3,3,5,3,5,6,6,3,Lower class,FALSE
ge0qklb74xnkzplwcl31ymsz,PJ,WJ,5,5,4,5,2,2,1,7,6,5,6,6,7,5,3,2,3,5,4,4,4,Working Class employees,FALSE
ic45f7gsdqrs7xflknush3tn,WJ,PJ,5,5,5,5,1,2,1,7,7,2,2,5,6,5,6,2,7,7,5,4,4,not sure,TRUE
mpzaa0i7f65ne2qrsg5c1jw8,PJ,WJ,6,4,4,4,1,4,3,5,5,4,4,5,5,5,5,2,4,5,5,3,5,working class,FALSE
xtrzjlpwb4wjxrnb5m80698h,PJ,PJ,7,6,7,7,1,1,1,1,7,1,1,7,7,3,2,6,2,3,2,7,3,Professionals,FALSE
q2ch8vh6f0cmdxpbery3mnwv,WJ,WJ,5,2,5,6,2,2,1,7,6,2,1,7,7,2,2,6,4,3,2,4,1,people who hold working class jobs,FALSE
3vsinn3p5mswq4pkmodw3w3f,PJ,WJ,5,1,2,2,2,6,7,6,1,7,7,2,7,2,1,5,3,5,1,5,6,Factory workers people without degrees,FALSE
ogow3fvjolk7djnwpp4z50b7,PJ,PJ,5,1,4,7,2,3,3,7,7,5,3,6,7,1,1,5,3,3,2,4,1,Professionals,FALSE
6r2tzqsqc1wb1mr5fesqj0bg,WJ,PJ,4,4,4,5,1,4,5,7,6,5,4,5,6,4,4,6,3,4,3,6,4,working class,TRUE
lozg9j6lzu2iir6lus4xiaiu,WJ,NA,NA,NA,NA,NA,NA,NA,NA,NA,NA,NA,NA,NA,NA,NA,NA,NA,NA,NA,NA,NA,NA,NA,TRUE
ckys9ke5295752tjw4wbhzsk,PJ,WJ,5,3,2,5,1,5,1,6,7,4,2,6,7,2,3,6,4,3,3,5,1,working class,FALSE
tbek85jvumgqz6wy1bmvjfxv,PJ,PJ,4,5,5,5,2,3,1,7,7,2,2,6,7,3,1,5,4,4,3,5,2,Professionals,FALSE
9n3fzk7kdi57vcvqsx5bd3jf,WJ,PJ,5,2,2,2,2,2,1,6,7,1,2,7,7,2,1,4,5,2,1,5,2,Professional workers,FALSE
bmm41jqelz7hbkt98it047ea,WJ,PJ,2,2,3,1,1,3,2,7,6,1,1,6,5,1,2,7,1,3,1,7,1,people in certain job industries,FALSE
z0uca9bal9jf5ng52t4lcihe,WJ,PJ,6,5,5,5,1,3,2,7,7,4,2,7,7,2,2,6,4,3,2,4,3,professionals who are people in jobs that would normally require a degree,FALSE
osk4zv9si8wfuoegotoe0i9q,WJ,WJ,7,6,7,6,1,6,1,7,7,1,1,7,7,2,6,4,5,6,3,7,2,Working class,FALSE
eftdrybir5k6dyjwl2oyo9n2,PJ,WJ,7,1,3,3,3,3,1,7,6,6,3,7,7,1,2,5,2,3,2,6,1,Non graduate workers in lower skilled jobs,FALSE
vpja6wdkkkwsy75l365l59t5,WJ,WJ,6,2,2,7,2,4,4,5,5,4,4,5,5,2,2,6,4,2,1,7,3,WORKING CLASS PEOPLE WHO COULD BE SACKED IF THE EMPLOYER WAS IN A DOWN SPELL,FALSE
o9pn0s9z0anp0a3s3f6iiyru,PJ,PJ,7,1,7,7,2,2,2,6,6,4,5,5,5,3,3,5,3,4,4,5,3,Professionals,FALSE
ppe7sy7oqahwkhjqpye68q3o,WJ,WJ,5,5,4,5,1,1,1,7,7,1,1,7,7,2,2,7,2,2,1,6,2,Working class people,FALSE
g2knaot240j4ai2klf2uotsu,WJ,WJ,7,5,6,7,1,1,1,7,7,1,1,7,7,2,2,6,2,1,2,6,2,People in working class jobs,FALSE
gvvi97v83swbtnt5lw9urino,PJ,WJ,7,2,1,6,1,4,3,6,6,4,3,6,7,5,5,2,5,5,5,5,3,working class people,FALSE
2vvppuollp3z1nra4mz9g626,WJ,PJ,7,2,3,5,3,1,1,1,7,1,1,7,7,1,1,6,2,2,1,7,1,Professional workers,FALSE
tnys3fhyajk1wv8v99bkffa5,PJ,PJ,7,7,7,7,3,5,2,6,5,4,3,5,6,2,2,5,4,3,3,5,3,Those in professional roles,FALSE
2dkd70k6681b8lmt8bcf9o8b,PJ,PJ,5,7,7,7,2,3,2,5,4,3,3,5,7,4,3,3,3,4,3,5,4,Professional people,FALSE
t49bk32xgs15veh80w3k58nw,WJ,PJ,4,4,4,4,1,4,4,3,5,4,4,4,4,4,5,4,4,4,3,5,2,NA,TRUE
jgacufm8wzfadh5p3uu5d5wr,WJ,PJ,6,7,7,7,2,3,3,5,5,3,3,5,5,2,2,5,4,3,3,5,2,People in Professional Job roles,FALSE
hkydxwkv832aj4ghqiozs0zk,WJ,WJ,5,3,7,5,1,1,1,7,7,1,1,7,7,1,1,7,3,1,1,7,1,working class,FALSE
r2y4xinktggbkv1m0dz3qzkx,WJ,NA,NA,NA,NA,NA,NA,NA,NA,NA,NA,NA,NA,NA,NA,NA,NA,NA,NA,NA,NA,NA,NA,NA,TRUE
p6wwg7jszlq5lxocwyxmcfco,WJ,PJ,2,1,1,7,1,1,1,7,7,1,1,6,7,3,1,5,6,5,2,6,1,people with a degree,FALSE
wxvbunsmiz11v55wol0zy50k,PJ,PJ,6,7,7,7,1,1,1,7,7,7,1,7,7,1,1,7,1,5,1,5,1,Working professionals,FALSE
0gxps78hmh8h16pcqrciazpv,WJ,WJ,7,4,7,7,2,5,2,5,6,4,4,6,7,3,3,4,4,3,3,5,2,the working class,FALSE
30ld9yx659zjt672pg4kwfhs,PJ,WJ,7,1,4,2,3,3,1,7,7,1,1,7,7,2,3,4,2,2,2,5,1,The working classes,FALSE
fyf0b2puab9scunjhy0u6lwe,PJ,WJ,6,5,5,6,2,1,1,7,7,1,1,7,7,5,2,5,4,5,5,5,4,Working class unskilled workers,FALSE
b6tl0u3nk4j1olshphaxu7qg,WJ,PJ,7,6,7,7,1,5,1,5,6,1,1,7,7,5,5,6,1,3,2,7,1,administrators and graduates,FALSE
xeru295xlhb742htyum76l2o,PJ,PJ,7,7,7,7,4,1,1,7,7,1,1,7,7,2,1,7,1,1,1,6,1,Professionals,FALSE
tuu4r0n6awvs8s0cq4uibc1n,WJ,WJ,4,1,1,1,1,1,1,7,7,1,1,7,7,2,2,5,4,5,2,5,3,working class,FALSE
zb8g490eseadf74pekk6wt9h,WJ,PJ,6,1,4,3,1,1,3,7,7,3,2,7,7,4,4,6,5,4,3,5,3,Managerial,FALSE
8cw02qmxuf8f66tp9ecytnfz,WJ,PJ,4,1,4,4,1,3,2,5,5,3,3,5,7,3,1,5,2,3,1,7,2,NA,TRUE
fy2o7awy0o01wju5ggll0qci,PJ,WJ,6,2,3,2,1,5,4,7,7,6,4,5,6,3,2,7,2,3,5,6,5,NA,TRUE
5s8qhid7rhq7izv14gr9i9s5,PJ,WJ,7,1,2,3,3,1,1,7,6,2,1,7,7,1,1,6,3,3,1,3,1,Working class people who have skilled or unskilled jobs,FALSE
6l0v1wj7slmjk4tfls3gyt7n,PJ,PJ,7,7,7,7,3,2,2,6,5,2,3,6,6,2,1,6,1,2,1,3,3,Professionals,FALSE
41spj8s29tg5uoclrlx7239j,WJ,WJ,7,7,7,7,2,2,4,7,7,1,7,7,7,4,3,7,6,1,2,5,2,Middle class,TRUE
7kvzt2bjmpip3rj19rvm335q,WJ,NA,NA,NA,NA,NA,NA,NA,NA,NA,NA,NA,NA,NA,NA,NA,NA,NA,NA,NA,NA,NA,NA,NA,TRUE
38glj4t4jyp5oatf57bez8v3,PJ,WJ,4,5,5,4,2,3,2,6,7,2,3,5,5,3,2,5,1,3,4,5,3,NA,TRUE
2wnb5mszdjppgk3ku8kdtljo,WJ,PJ,7,4,5,5,1,3,3,6,7,7,4,6,7,2,2,6,2,3,5,6,3,Professional,FALSE
nnm7t89s1iw63e8t4oi68ar9,PJ,PJ,5,5,6,6,1,1,1,7,7,1,1,7,7,4,4,4,5,5,5,6,4,professional people and those in administrative jobs,FALSE
4fnbt8oc9rq0t4b2i3fh7fxf,PJ,WJ,5,5,4,5,2,5,1,5,6,4,3,7,7,3,2,5,3,5,2,4,5,Working class people,FALSE
uubdxerjyjh3nv6q6mhf0v4w,WJ,PJ,5,2,3,2,1,2,1,7,6,2,5,7,7,5,1,4,3,5,1,5,2,professional workers,FALSE
uxslhhyzgz7ou3evk77rzp77,PJ,PJ,6,6,6,7,1,2,5,3,5,5,5,5,5,3,3,4,5,5,3,5,3,Proffessionals,FALSE
dz6hu5iuxz6kplj2b7icws8f,WJ,WJ,7,7,7,7,2,4,5,7,7,2,2,5,7,5,2,6,1,2,4,5,2,Skilled Semi skilled and unskilled workers,FALSE
1m6frjxrofqf7wrhmuan374v,PJ,PJ,7,7,7,7,1,1,1,6,5,4,5,3,7,5,6,5,3,3,3,4,2,professionals,FALSE
b6gjpqv5e1z0mjgrnm42dc8r,WJ,WJ,7,7,7,3,1,5,5,4,7,4,3,6,6,3,2,5,3,5,3,4,4,working classes,FALSE
vmqmbv8s3rhrkqxp0v6svqvm,PJ,WJ,7,3,3,6,2,2,1,7,7,1,1,7,7,3,1,5,4,5,3,3,2,I cant write here,TRUE
p9dzag93uwi0mlb56p1frvnu,PJ,WJ,5,2,2,2,1,2,1,6,7,2,2,6,7,3,2,5,5,5,5,5,3,Working class,FALSE
wgthuw0jw8i48nkonj4l2xd0,WJ,WJ,7,7,7,7,2,2,2,6,6,4,2,4,7,3,2,5,4,2,4,6,2,Working class,FALSE
kzca0ayvezmqxt57e44aonw7,WJ,PJ,4,4,5,4,2,3,1,6,6,3,2,6,6,3,2,6,4,3,2,5,5,NA,TRUE
rcehzngmsezl22w0vd3tzgfk,PJ,PJ,5,6,6,7,1,2,2,6,6,2,2,6,6,5,5,3,3,4,2,5,3,Professional employees with degrees,FALSE
91altq7apu0dptxewxnc47s3,WJ,WJ,4,4,4,6,1,1,1,7,7,7,4,7,7,5,4,4,4,4,4,5,3,working class,FALSE
2hh4kvc7dyu61418fbeyqp0g,WJ,WJ,7,7,7,6,1,2,1,7,6,4,3,6,7,5,4,6,4,5,4,6,3,Working class,FALSE
n0ktnj239lce3xg1vlpo4cw8,PJ,PJ,7,7,7,7,4,5,4,3,5,4,3,4,4,3,1,7,1,3,1,7,4,Professionals,FALSE
16q24q0h7ryseacrxzvw1zn0,WJ,PJ,4,3,3,4,1,3,1,7,7,2,2,5,6,3,3,5,4,4,5,6,3,Working class,TRUE
ta17rvf8rr00qmnzlsxebbrn,WJ,WJ,7,7,7,7,2,2,1,6,6,2,2,7,7,5,4,5,6,4,3,5,3,Working class people,FALSE
qpz7770qbi0qfumk9f4d0afc,WJ,PJ,6,1,1,1,1,2,2,6,6,2,2,6,6,2,2,7,5,2,1,7,1,professional people,FALSE
f7e2m994sxv2vg4qny3h7aua,WJ,PJ,6,3,3,5,2,3,5,4,6,2,2,6,6,3,3,5,3,3,3,5,3,professionals,FALSE
094k8qixj49yhbxp84poolww,WJ,WJ,5,2,2,4,1,6,2,3,6,4,3,5,6,2,3,4,5,4,5,5,3,working class people,FALSE
qt55jbj4u8s9vap669ar88xe,PJ,WJ,7,3,1,4,2,1,1,7,7,3,3,7,7,2,2,2,3,3,2,5,1,Working class people with a working class job,FALSE
qx0ud3p560ztxg7t2p2bshm5,PJ,PJ,5,6,5,5,1,6,5,6,2,5,4,5,4,3,3,3,2,4,4,3,3,professionals,FALSE
whp1o6ile87iqzansc99manu,PJ,WJ,2,2,2,4,1,5,1,3,5,6,6,5,6,4,4,2,5,5,5,1,5,working class unskilled people,FALSE
5gbbfcfdcrrl46yg73ggqvzd,WJ,PJ,4,3,3,2,1,5,2,5,7,4,5,4,7,2,1,7,5,5,2,6,3,General public,TRUE
j78ixcljw5rsoewpfupyoq7t,PJ,NA,NA,NA,NA,NA,NA,NA,NA,NA,NA,NA,NA,NA,NA,NA,NA,NA,NA,NA,NA,NA,NA,NA,TRUE
e1ty2u02jqb5c3n2r9t7m3ge,WJ,WJ,7,6,7,7,3,1,1,7,7,2,3,6,7,2,1,6,1,1,1,7,1,working class people,FALSE
z17uw10x439jnuqoof6jpsur,PJ,PJ,7,7,7,7,3,1,1,7,7,1,1,7,7,3,4,3,4,4,3,4,2,People in professional jobs,FALSE
ji17uet9xo3trsnzgl2ojtwi,WJ,PJ,7,7,7,7,1,3,3,4,7,4,4,4,5,2,1,5,3,2,2,5,4,professionals,FALSE
6aa4fa8mqm44tzws1c68ea5z,PJ,WJ,6,4,5,6,1,5,3,3,6,5,5,5,5,5,3,3,5,5,6,3,5,Working class people,FALSE
khw13t0wozgpna24qar1pkd6,WJ,PJ,7,1,1,7,1,4,4,7,7,4,5,5,7,1,1,7,1,2,1,7,1,management positions or higher placed employees,FALSE
b8287uspovr6cngodlplf31c,PJ,PJ,5,5,5,5,1,5,2,4,4,5,2,5,5,6,5,5,6,5,3,5,3,Middle class,FALSE
c6pnuztdc3ae9bkcjqk4pbrv,WJ,WJ,7,7,7,7,1,4,5,7,7,3,3,7,7,3,2,5,4,5,3,5,4,Working class,FALSE
x6s4fw9q635ni8nz1um7d3bi,WJ,PJ,7,7,7,7,2,2,1,3,6,2,2,6,7,1,1,5,5,5,1,5,3,People in professional jobs such as administrative or managerial or those jobs where a degree is required,FALSE
41vxspwdgl36xveb0rwxv1ie,WJ,WJ,6,6,6,5,2,4,3,5,7,2,1,5,6,2,1,4,2,5,2,7,2,working class people,FALSE
0a332phpeeq6tp7391d402ls,WJ,PJ,4,5,6,5,4,NA,NA,NA,NA,NA,NA,NA,NA,NA,NA,NA,NA,NA,NA,NA,NA,NA,TRUE
jv987qqmw3iqpeioyxod0aqi,WJ,WJ,7,7,7,7,2,2,5,6,5,5,6,5,5,2,1,7,2,2,6,7,4,working class,FALSE
55og5gvb1ny0gfema8o1qw5y,WJ,NA,NA,NA,NA,NA,NA,NA,NA,NA,NA,NA,NA,NA,NA,NA,NA,NA,NA,NA,NA,NA,NA,NA,TRUE
aymbf1gl87rb01lzr4vzblgm,PJ,PJ,6,1,2,6,2,5,5,1,7,1,1,7,7,6,6,2,7,6,6,2,4,PROFESSIONALS,FALSE
2m5gy6oy6n64t0yi2pg0lf2m,WJ,PJ,3,1,3,4,1,4,2,6,4,4,4,4,7,2,2,5,2,2,2,6,2,Proffessional people,FALSE
sf2rr33meetv7aeu4e8yed5d,WJ,PJ,5,1,1,4,1,4,2,7,6,6,3,6,6,3,3,4,4,4,2,7,3,People with degrees,FALSE
gr66d95dj7qxeqifu18vxqmy,WJ,WJ,7,1,7,7,3,2,1,7,7,3,2,6,7,4,5,3,6,6,5,3,5,Working class,FALSE
8g3irbkfl81sdy92oz18ldj5,WJ,PJ,5,1,1,6,2,5,3,6,5,3,2,6,6,1,2,7,5,2,2,5,2,non proffessionals,FALSE
0nv0b4k9qgm1wu078gsnjvte,WJ,WJ,6,7,7,7,1,6,1,7,7,4,4,5,7,3,2,6,2,4,3,6,2,Working class people,FALSE
wst08koegu8isbbi4azo0jlm,WJ,WJ,7,6,6,7,3,2,2,7,7,6,2,5,6,1,1,7,5,2,1,7,1,working class,FALSE
aa6ojiok9lbm8hdeezun8eid,WJ,PJ,6,1,3,7,1,3,2,6,6,4,3,5,7,3,3,5,5,4,3,5,3,skilled professional workers that could have a degree,FALSE
aua8cxotfdwrbmh9ysmfmwsc,WJ,PJ,5,5,4,5,4,1,1,7,7,2,5,7,7,2,2,5,1,3,3,1,2,Low income,TRUE
ebaklivqxcpdftbuv9arkcz8,WJ,WJ,7,7,7,7,1,1,1,7,7,1,1,7,7,1,1,7,3,3,1,5,2,Working class,FALSE
nz5zg821ad8zmt47lq2m0z91,WJ,WJ,7,6,7,7,2,5,2,7,7,2,3,6,7,2,1,6,2,2,2,7,2,working class people,FALSE
yiweq1zsk8mxz7rwbjeyqxqx,WJ,PJ,4,5,4,5,1,5,5,4,5,4,4,4,5,5,5,4,5,5,5,4,4,not sure,TRUE
13yi1fscyjb8zgf7j0pjswe2,WJ,PJ,5,3,3,3,1,4,2,6,7,5,3,4,5,3,4,5,5,5,5,6,3,Office and administrative workers,FALSE
rntkyn6r2wa0lxaezfm1y81y,PJ,NA,NA,NA,NA,NA,NA,NA,NA,NA,NA,NA,NA,NA,NA,NA,NA,NA,NA,NA,NA,NA,NA,NA,TRUE
uny53kruioe0lehmvjoo8vzk,PJ,WJ,6,4,4,4,1,1,1,7,7,1,1,7,7,5,5,4,2,5,2,2,2,NA,TRUE
